movie_name,id,short_comment,score,comment_time,votes
唐人街探案3,会有前路,刘昊然很帅，但是护士姐姐被打和36D那里真的让我生理性不适,4,2021-02-12 14:52:28,24798
唐人街探案3,子安ZAN,唐探真的构成了一个唐探宇宙，可以说是中国内陆第一部有宇宙观的电影了。原来的演员一直都在，而且还有了我最喜欢的长泽雅美姐姐 故事上来说，完全兼顾所有人，娱乐性很强，但是娱乐后面也有一些深刻的命题，不是非善即恶，很多深刻的命题都以轻松的方式展开，期待唐探四，也感觉到中国的商业电影制作，愈发成熟了！开心！,5,2021-02-12 10:42:13,22896
唐人街探案3,Jasper,世界上一切可以称之为艺术的东西都需要天赋。 ,4,2021-02-12 11:12:21,6733
唐人街探案3,kuma,日本群演吊打大陆流量明星…,4,2021-02-12 11:34:07,5124
唐人街探案3,壹安²,长泽雅美哭的我心都碎了！最后彩蛋真的全场尖叫！节奏有松有驰，电影气氛很绝，比第二部的全程高能聪明太多，这应该是第一部中国+外籍演员通力协作，但是毫无违和感的电影了吧，最大惊喜没想到来自王宝强，你真切能感受到他落单时那种失落感，总之，牛逼。,5,2021-02-12 10:49:26,4021
唐人街探案3,你的xs女孩,Q是在致敬1Q84吗哈哈哈，结合反乌托邦题材抵制虚无的完美世界,4,2021-02-12 10:07:42,786
唐人街探案3,小白,大家都好严格啊，我觉得很好看誒…这种搞笑我不觉得尬，医院停尸房那段真的笑到肚子疼，最后煽情又把我整哭了，可能最近见不得凄美的爱情吧…野田昊啊我天，花蝴蝶哈哈哈，好帅额！原来我就喜欢这种骚里骚气的😂,5,2021-02-14 18:19:33,1290
唐人街探案3,Raven,唐探3选片在东京就已经事半功倍！选角妻夫木聪简直就是买一送一双倍快乐！试问哪个集美没用过妻夫木聪边走边哭表情包？试问哪个集美不想弄哭五个扑水少年里的铃木！同样是邪魅狂狷却可以做到不油不腻的，除金城武之外，怕就只有妻夫小可爱了！,5,2021-02-12 11:10:15,813
唐人街探案3,趣多多🌈,1，2的成功，让唐街宇宙世界慢慢搭建。神秘的Q，已经是串联起所有的案件线索和人物。两主线人物依旧，一边贺岁一边打怪升级。张子枫思诺的再次出现，和故事里各路人物，让剧情和叙事更饱满更有看点。而且3完全就是日向狙击！太吃这口了，妻夫木聪、长泽雅美、浅野忠信～～纯舔屏就已经是今年最值得反复刷的贺岁片！,5,2021-02-12 11:00:10,459
唐人街探案3,YellowBig,唐探宇宙的建立令整个系列环环相扣，能看出很多小彩蛋在电影其中。陈思诚好会编排故事，也很清楚观众喜欢看什么，笑点塞得足够满，谁想能到有生之年能看到刘昊然和王宝强在日本涩谷上演“速度与激情”，只不过是卡丁车对打自行车……,5,2021-02-12 11:15:47,766
唐人街探案3,桔子不是唯一的,豆瓣是不是太文艺了，大过年的，看两小时这个，哈哈乐一乐，感情动一动，脑洞开一开，不挺好的吗？,4,2021-02-13 13:52:40,1332
唐人街探案3,一只墩墩,这卡司阵容！日剧饭狂喜！麻酱、小七这种一线不用说了，惊喜的是还有铃木保奈美和三浦友和这些老戏骨,4,2021-02-12 10:05:38,360
唐人街探案3,我就随便写写,很多人打低分是因为不如一和二，但我觉得一个系列电影保持了一贯水平的制作才是好看的标准，即便看起来不像一和二那么多推理，期待伦敦唐人街秦风和Q组织的如福尔摩斯莫里亚蒂般的智斗较量。,5,2021-02-12 22:12:56,949
唐人街探案3,鹅鹅立刻出门,荧幕中王宝强、刘昊然的“舅侄组合”依旧是满满笑点和回忆感，一个大智若愚，一个结巴帅气但智商超高，这部的独特卖点在于其中参杂了很多日本当地特有的元素，比如日本的澡堂子、相扑、剑道、忍者…等文化特色在片中一一呈现，视觉上好满足，还有就是一直出现但又扑朔迷离的Q的身份，一直从网剧疑惑到电影，但是这种吊人胃口的剧情走向应该也是对唐探系列一直上头的原因之一哈哈，很强。,5,2021-02-12 11:11:12,751
唐人街探案3,o0工藤波波0o,看完之后才明白，为什么这部片子非要等到春节才能上了。整个氛围太适合春节这个合家欢的气氛了，搞笑部分负责合家欢，推理部分又可以满足系列影迷。作为唐探宇宙的第三部电影，这部更多的责任是为了引出下一部而存在的。其中秦风的推理以及和野田昊的配合真的是非常令人惊喜了。Q的出现也为整部电影的立义提高了更大的格局，也为后续的唐探宇宙增加了深度和可能。 @2021-02-13 23:27:32,5,2021-02-13 23:27:32,1005
唐人街探案3,汪汪,比李焕英强太多太多了，唐探的野心，执行力，剧本的圆润，喜剧动作和探案的平衡，和电视剧，前两部的联动都完成的很好，都在吐槽王宝强，但是王宝强的角色绝不只是胡闹，王宝强是有演技的，这个角色没那么简单。网上所谓的侮辱女性简直可笑，卡通化拍法都要被观众道德审查了吗？太可笑了。电影高级感秒杀李焕英，日本一众大牌还有大闹东京都是惊喜再惊喜，强烈期待第四部。,5,2021-02-14 17:30:19,573
唐人街探案3,阿德,客观讲，最适合贺岁档的几部之一，过年就是图个热闹和惊喜，无奈预期过高带来的落差也大，尤其第一波观众，期待口碑回升。,4,2021-02-12 13:33:45,1108
唐人街探案3,xxxxin1,客观摸良心 7分是有的 推理部分的确有点弱 但是日本几个演员确实演技厉害 停尸间桥段的节奏和梗都很不错 我就是有点奇怪 有几段剧情节奏和风格完全不同 是不是换了副导执拍的 总的来说谈不上惊喜 也谈不上失望 但是为了对抗无脑黑 我无脑地在这里给满分,5,2021-02-13 16:18:32,433
唐人街探案3,李梦,陈思诚真的创造了一个唐探宇宙，好笑又好哭。好喜欢长泽雅美啊，她那句，你不能对我负责为什么要把我带到这个世界来？快哭晕在厕所里了。,4,2021-02-13 22:47:40,151
唐人街探案3,唉唉唉德华,我是个俗人，我就觉得陈思诚是华语商业片的天才，多种类型元素之驾驭都显得游刃有余，除了秦风的服装永远都那么土以外。他是一个很懂中国观众的导演，他知道如何在春节期间用一种低姿态的土味方式来宣讲他的一套“刺客信条”。《唐人街探案3》最被忽视的解读点在于其戏里戏外所构成的地缘政治意义，这一部冒险与探案并行，抗战遗留情绪以一场父女审判悄悄消解，最终获得结果是东亚与东南亚区域的合力并进，中日泰共见烟花升起。上一部纽约只是过客也是过去的起点，而下一部直指西方近现代文明起源地英国，并套用了玩家们最为熟悉的“圣殿骑士”框架，构建了一种东西方在文化本源上的交流或者说是对抗。这是我对这个系列后续最大的期待缘由。,5,2021-02-13 22:42:45,386
唐人街探案3,啊K,等了2年，终于等来了～事实证明等待是值得的，第三部显然比之前两部更注重了推理的过程，昊然弟弟表现不错，有逻辑的同时也有笑点，适合春节的合家欢电影。如果过年假期不知道看什么，看它！二刷！,5,2021-02-12 11:57:19,1207
唐人街探案3,罅天暗房,喜剧感也依旧，电梯间的戏真的包袱满满，整个电影院都笑得很开心。另外对我来说在日本取景也太有代入感了。很多场景都是平时会去的地方。在pachinko里和开卡丁车这个让人很惊喜，可以说是相当深入当地文化了。,5,2021-02-12 11:05:43,208
唐人街探案3,郭小鸟👿,其实并没有想象中的差！两条线，明线是密室杀人案，暗线是女儿复仇抛妻弃子的父亲。每个人物的表演都很饱满在线，看的很多人吐槽王宝强的表演浮夸，唐仁人设就是夸张，所以非要内敛演技才是演技么？符合人物才是王道。除了两条线，电影里还出现了东北绥化，其实背景是日本和中国的那段历史，包括最后四人仰望烟花，bgm响起世界和平的歌曲，其立意早就凌驾之上了。,4,2021-02-15 22:00:47,233
唐人街探案3,韦斯安徒生,唐探这盘棋，大的已经有些吓人了！这一部无论是案件、场面还是格局，都远胜于第二部。以悬疑推理引入，用动作冒险散展开，加喜剧元素娱乐，唐探这套模式在这一部中彻底成型，这也是唐探达到这种体量后的一种必然。《唐探3》证明了，这个系列是能撑起如此大野心的，真的可以向外扩展出一个广阔的电影世界，甚至能真的打造出一个属于中国电影的自研“宇宙”。总而言之，但凡看了《唐探3》，你就很难不期待《唐探4》会讲述怎样一个故事，又有哪些角色会加入其中，由谁扮演。,5,2021-02-12 13:22:54,385
唐人街探案3,张小北,作为春节档电影是合格的 3 星，娱乐性十足且应景。单独1 星给 2020 年之前的那个喧闹嚣张乐观且一去不回的「疫情前世界」。这部电影如果是去年春节档上映会是非常应景且大爆，但在经过 2020 年的全球疫情之后，这种用中国人的独特自信放眼全球且内心深信明天会更好的电影，可能短期内再也不会有了。本片中所有的日本演员表演都非常出彩，最后长泽雅美在庭审时的独角戏撑住了全片高潮，是全片的高光时刻。无论有多烧脑翻转，无论有多喧闹搞笑，最后还是好演员的好表演支撑住了一部「电影」。,4,2021-02-12 23:53:36,86
唐人街探案3,胡小仙,就挺好的啊奇怪了,5,2021-02-13 17:50:10,307
唐人街探案3,如小果,看完第二部的时候，那时候豆瓣评分（7以上我记得）我觉得豆瓣瞎了。结果看完这部我再看豆瓣评分，觉得豆瓣又瞎了。,4,2021-02-13 00:03:04,165
唐人街探案3,向来痴,如果放在2020年春节档上映，可能没那么多人说不好看吧。作为一部承上启下的系列作品，个人觉得很不错了。,5,2021-02-14 08:18:37,234
唐人街探案3,PENGUIN,比昨天春晚小品好笑多了哈哈哈哈，停尸房那段儿真的好好笑。这部喜剧成分大于推理成分。看到各种东京街头大场面就感觉在烧钱，尤其是撒钱那段儿可太爽了吧。平行时空的2020的我，肯定看完这部电影马上订机票飞东京，去涩谷街头数人哈哈哈。IMAX舒服了😌。唐探宇宙的野心不小啊。如果没有结尾的MV会更好。,5,2021-02-12 16:37:54,274
唐人街探案3,云迪迪,还是去给唐探贡献了票房。没网传那么差，也不如期待那么好。5.8的分低了，个人感观7分，野田昊真的，帅。笑点跟之前类似，广告更多了些。看出来陈思诚想打造唐探宇宙的心，着急地把网剧里的人全部拉了进来露脸。拉邱泽我没意见，毕竟邱泽在剧版里非常出彩。拉那个和平精英的五个人我大无语。陈思诚自以为的这些彩蛋，真的需要喜欢唐探宇宙，看过网剧的人才能get。太急了，慢慢来，唐探系列我还是很看好的。 但目前的第三部确实是下降趋势，要给力啊！,4,2021-02-18 08:57:07,168
唐人街探案3,阿尔兹兰,唐探3的豆瓣评分明显过低了。这还是一部不错的类型片。,4,2021-02-28 00:33:45,138
唐人街探案3,啊O,NB！惊喜！过年看的就是开心，也看出了中日两方演员的差距。请继续！,5,2021-02-12 10:23:03,153
唐人街探案3,听雨轩,其他都挺好，马伯骞那帮人扣一分。。。。,4,2021-02-12 19:02:36,131
唐人街探案3,Elise同学,夸一下陈思诚，去年春节这么多片子，只有他耐得住熬过一整年，我感觉压力应该也是蛮大的。日本演员的选择都是很聪明的，一直知道陈思诚很聪明，小心思特别多，唐探宇宙的构建也显现了他的野心。说说片子，情节上推理成分其实是弱的，一开始就对长泽雅美有了很深的怀疑。但是喜剧上我觉得还是很成功的，特别是停尸房到电梯的一段，是我出电影院回想起来还是很好笑的。票房上无疑是成功的，排片率一骑绝尘。,4,2021-02-12 22:28:56,125
唐人街探案3,Katie是王姑娘,可能大家对电影期待太高了，评分这么低。。但是我觉得还可以。情节还算完整，画面虽然偶尔因为视觉特效有点乱，但是总体还算有新意。最后，刘昊然可真帅啊！,4,2021-02-14 21:03:03,120
唐人街探案3,谈教育的陈老司,看了网上评价特意去看了一下，并没有那么差，总体应该在7分以上。（李焕英也没那么好，也应该在7分以上，如果让我再去买票，我会买唐探而非李焕英）毕竟是去年的电影，有些梗老套很正常，但是有些加了颜色的段子个人不是很喜欢。探案叙述完整，但不够有张力。其实陈思诚想要表达的东西很深刻，那就是人性。秦风看似是在追查凶手，但从他的动机和行为来看，他也是半明半暗，正义邪恶交织的人物。在电影上映前，网剧《唐探》的前几集都很精彩，所以果然出现了张钧宁。陈思诚果真想打造一个唐探宇宙。但几部下来，类型化有点令人疲惫，期待后续有突破和反转。,4,2021-02-16 20:34:47,141
唐人街探案3,幕下,倒也没有这么低，7上下。最后强行煽情真顶不住，前半段气氛烘托的还可以。案子太简单用Q加长剧情，感觉很新鲜实则很空洞,4,2021-02-12 14:07:15,108
唐人街探案3,有心打扰,竟然还有人在吐槽油腻，还有人在吐槽插入广告，还有人在吐槽烂梗……你们醒醒，这已经是第三部了，你们吐槽的这些都是「唐探」系列的卖点啊。合格的商业喜剧片，带着笑点与推理，继续期待「唐探」宇宙发扬光大。,4,2021-02-12 14:42:58,53
唐人街探案3,修身,作为唐探三很多人可能会认为不合格，一些破案细节不考究，殴打女护士的桥段，Q的曝光，最后莫名其妙的煽情略显尴尬等等，但是我觉得作为春节档搞笑电影是五颗星的，有很多地方我是笑了的，也有很多地方确实带来了视听盛宴的感觉，整个影院坐满了人，大家也都时不时爆发笑声，说明这部电影在某一个程度还是合格的，我没有特意去等唐三，本也没有抱有多大期待，可能因为这样我更觉得这部电影挺好看吧，毕竟能笑出来的电影也没有多少。,5,2021-02-13 10:38:20,186
唐人街探案3,中医王二叔,不管别人，给我触动挺大，我甚至不愿去细想情节了,5,2021-02-12 20:33:22,153
唐人街探案3,Envy Ryu,对唐探这个IP多喜欢就多想对陈思诚说一句耗子尾汁，希望他这部赚够钱了下一部能真正用点心，要求不高，唐探网剧前八集那个水平就行，少接点植入广告，少塞点资源咖！毕竟电影这个商业艺术再商业它也得达到艺术门槛的最低限。,4,2021-02-13 01:47:37,93
唐人街探案3,毛利小九郎,我以为的秦风推人那个画面印象最深刻，逼好人做坏人果然是最带感的，同时，善恶没那么分明甚至互相纠缠,4,2021-02-12 14:29:38,108
唐人街探案3,狗小白,这电影打分打成不到6分也太夸张了，我感觉7.6左右吧。妻夫木聪和刘昊然这CP我磕上了,4,2021-02-14 17:31:01,118
唐人街探案3,沐子荒,总的来说，观看体验很好，节奏很流畅，很多地方推理得也很完美，希望我唐探系列能够一直拍下去，开创出属于自己的电影宇宙,5,2021-02-12 10:53:03,72
唐人街探案3,特雷西,被黑的太过，其实作为春节档合家欢，做的已经很好了，只是不及预期的本格推理，就像秦风说的，本格，密室，日本，黑帮，这片的元素太丰富，而且场面都不能说是热闹，可以说能将“乱”调度的如此，并且大量长镜头的使用，其实是好于2的，并且每个人物都能立住，侦探排行榜的大神也一一现身，甚至思诺、林默、玫瑰、五大灵童都有惊喜客串，再到最后圆桌Q组织，德华的出现让全场都发出“哇”，感叹唐3设局之大，甚至觉得这只是一部过渡片，唐探宇宙的未来依然值得期待,4,2021-02-18 18:48:55,91
唐人街探案3,豆影,萝卜白菜各有所爱，众口难调，已经很不错了，推理和喜剧效果很过瘾，难道那些说不好看的，在春节期间爱看婆婆妈妈哭哭啼啼的电影？？,5,2021-02-12 10:39:41,66
唐人街探案3,Pukii,拍的很好，这么内容丰富的剧本，竟然能把节奏掌握得这么好，很厉害，好几个长镜头都拍得很惊艳。虽然秦风脑海里的那些特效很炫，但我个人倒是不是很喜欢，但视觉效果很不错。故事一般，剧本好玩但没有内涵，结尾的鸡汤有点多余，但是拍得很用心，喜剧效果十足，动作场面很有趣味性，方方面面都是一部成功的商业片。5星，不含水分。,5,2021-02-15 01:36:05,97
唐人街探案3,tanktank,感觉还好啊，一首heal the world 直接升华了。,4,2021-02-14 10:44:00,75
唐人街探案3,无名人士,？我觉得比第二部好多了。（第一部就中规中矩推理电影，第二部融中国元素却浮于表面，这一部虽然槽点多但是却有真正的思考，“完美犯罪”究竟是什么呢？我个人觉得这部的思索比前两部走得远，不至于为了一点广告植入、带资源咖入镜等而抹杀这最关键的一个亮点，推理确实弱了点，但推理只是工具，真正要探讨的是人性。ps.父女当庭对峙的那场戏真的很给力，不至于煽情，两个演员都在不动声色地推开不同层次的情绪涟漪，人物塑造得很有张力。）我不觉得观众提前猜出凶手是谁是对悬疑片的贬低，我们看这种片又不是玩猜谜，重点看什么心里提前要有个数。,5,2021-02-12 15:55:47,122
唐人街探案3,欢颜。,分不能这么低。在电影院和家人男友一起看的，很开心。带来欢乐的电影值得更高的分数。,5,2021-02-15 16:59:25,112
唐人街探案3,罗兰,为什么评分这么低！！对我来说，春节假期看一部搞笑、带解谜元素、代入感强、时长足够、最后上点价值，主角养眼的电影，还要什么自行车！！四颗星给电影，多一颗星昊然弟弟，小林，铃木😍😍😍和最后heal the world响起的一刻。,5,2021-02-17 13:21:49,110
唐人街探案3,一粒妖蛋,延续了唐探之前多种元素混合的剧情风格，唐仁和秦风的搭档真的百看不厌，东京大冒险紧张又搞笑，看得我想去日本玩玩了,4,2021-02-12 10:16:01,61
唐人街探案3,小刀大神,老实说我很喜欢，唐探＋南征北战太适合过年看了。但细节还是欠缺打磨，日本人的行凶动机配不上那个氛围。这部电影让我重拾写推理剧本的兴趣，也许有一天我也能创作出精彩的推理故事吧。,5,2021-02-13 01:09:35,129
唐人街探案3,左岸文青,为什么有人摸黑？这起码也值四星吧,4,2021-02-13 20:51:26,69
唐人街探案3,已注销,中国东野圭吾,5,2021-02-13 00:25:00,116
唐人街探案3,渝余晋🏳️‍🌈,最后为了一块蛋糕入狱的剧情真的俗烂了，电梯殴打无辜女护士也真的很无语，除此之外还可以吧,4,2021-02-16 12:36:53,83
唐人街探案3,陳五九,广告太硬核，近乎无耻，扣一分凶手非要把刀藏车里，不能藏身上，扣一分两条线，最后囫囵完事大失所望扣一分王宝强别耍宝了，扣一分那为什么我还给四星呢毕竟中国再也找不到能在影院上映还拍成这样的电影了我难受啊好心的我成了不属于Q的Q给回四分摸摸剧组的头继续加油吧,4,2021-02-12 18:18:14,58
唐人街探案3,笑语耳,不懂一群打低分的逻辑，本片至少4星，多给一星是为了对抗那么多打低分的！这至少是一部优良的商业大作！,5,2021-02-16 20:21:08,92
唐人街探案3,且放白鹿青崖间,受不了豆瓣的网友了，一个个为了显得自己多么高，开始打低分。nt,5,2021-02-13 16:56:47,115
唐人街探案3,咕噜咕噜咕噜,首先先说一句，再次被子枫妹妹吓到了！！整个人都从座椅上弹起来了！这一部属实是大制作，所有道具布景特别精良，在色彩上就足够吸引人了，剧情方面不拖沓，电影刚开始就是大场景，三国侦探组合超有意思！感觉这次的密室案件推理比较注重细节吧，笑点特别密集，结尾煽情有点尴尬，场景是怪美的！最后一句，秦风好帅好帅好帅！！,4,2021-02-12 22:40:14,64
唐人街探案3,眼霜救不了你,感觉这个评分有点低，我还是给高点，拉一拉。感觉应该给到7点几分。不应该那么低。在来补充一下，这几天评分怎么掉的我这么厉害，我也看了给低分的评论，感觉是故意给低分的，就唐探8分是上不去，但不应该低于7分。那些给低分的，都也看过上千部电影，感觉是故意打低分。唐探是不是分了别人的蛋糕，别人不乐意了，故意搞事情?,5,2021-02-14 18:22:25,75
唐人街探案3,CerizMe,6.7/10三部曲下来真正成为一个宇宙系列；两方阵营划分清晰，思诺在中间亦正亦邪；致敬很多彩蛋很多，推理虽然渡边案一开始就猜到凶手是死者自己但没想到这次陈思诚做了四重案件缠绕其中，刘德华出现绝对是亮点全场惊呼；缺点Q的揭晓稍显平淡，不过基本大家确实都猜到Q是个组织了，主要是Q的目的似乎仍不明确、其次几场群斗戏实在太过混乱，作为贺岁档合家欢确实热闹但抛开档期绝对败笔；期待下一部英国续新篇吧,4,2021-02-12 14:05:10,54
唐人街探案3,fairy,确实没有前两季好看，推理有点牵强（我是没被感动到）但总体还行，不至于5.8分，不至于不至于,4,2021-02-14 22:19:28,54
唐人街探案3,KvFff-E,本来不想给这么高的～但资本狗腿子职黑和拳击手逼我给5星哦～不是一个很好的片，但不至于被职黑和拳击手说的那么一无是处呢,5,2021-02-16 22:06:16,75
唐人街探案3,贾小佳,剧情注水、段子老套略显油腻，都认，但是咋地，这么些个老戏骨小戏骨的演技、对人性和社会本质的思考、“善”与“恶”的对立，这电影难道连及格线都到不了吗？,4,2021-02-15 15:00:12,62
唐人街探案3,布谷布谷,大年初一早起来看是值得的,4,2021-02-12 10:23:21,42
唐人街探案3,魔都小笼包,一星给成功的商业化操作，一星给建立唐探宇宙的战略,5,2021-02-13 00:23:00,88
唐人街探案3,思考的肚腩,很好看啊，不懂为啥才5.8,5,2021-02-14 22:24:57,79
唐人街探案3,宇文宙,唐探系列都到3了，是啥风格早该心中有数，承诺该有的其实都有了，现在还批评太吵太闹腾没内涵的应该怪自己选错了电影吧，想看严肃推理电影的请出门左转好么。系列个人排名：1>网剧前8集>3>2>>>网剧后4集,5,2021-02-12 16:59:03,79
唐人街探案3,闲山风,为了刘昊然等了一年的电影，差点被豆瓣评分和公众号骂声吓退。看完后觉得也没有那么差，虽然也没有那么好，四星差不多。后面的煽情太突兀，结尾的故事编的太潦草。Q的案子比主案有意思多了。主角们的演技颜值都在线。被骂得很凶的王宝强的黄腔并不觉得过分，毕竟他从第一季就这人设，习惯了。至于骂贺岁片“宣扬日本文化”的大可不必。王宝强的太极拳不是完败日本相扑吗？到底是宣扬哪边不是很分明吗？某些人打着爱国的旗号在那儿展示民族自卑感，过度防御其实就是自卑。日本侦探和中国侦探刘昊然都很帅，美与国籍无关。但最后的故事烂尾了，减分。最后的圆桌会议应该借鉴了哈利波特，我还是继续期待第四季，为了刘昊然！印象深刻的台词，Q：让你看看人类的无序，法律的愚蠢。让我们一起审判人类。你永远走不出自己设的密室。植入过多，但减分有限～,4,2021-02-16 13:42:29,67
唐人街探案3,Vane,降到5.8了，怎么也不至于，来之前还看到很多说五星都是收了钱的影评人的论调，不知道是得罪了什么资本，起码周围看过的人评价都很不错，我也还是很坚定不管评价怎么样也要看。一如既往出色的配乐和色彩，长泽雅美演技有点惊艳到我，唐仁人设从第一部就是这样又不是现在才改变的，很热闹也稍显杂乱但是作为贺岁片也不错了，这一部推理部分的确弱了些，但我就是平衡一下打分吧，还是很需要鼓励中国首个原创侦探宇宙，会一直支持的。,5,2021-02-15 17:20:28,65
唐人街探案3,孤星之夜,太棒了，尤其是那些日本著名演员演技太棒了！故事太有悬疑了！期待第4部！,5,2021-02-12 10:37:17,56
唐人街探案3,Vanessa,陈思诚宁可承担推迟一年的损失也不提前上映的电影。大年初一和我妈去看了，作为贺岁片够嗨，作为本格推理也算不错，有记忆点，也有新鲜玩意儿，整体来说相当满意。硬塞进去的四人组加翻跟斗的那个女的减一星。最后大boss出现还是很让人期待下一部。,4,2021-02-13 02:13:10,43
唐人街探案3,___迟帅,看这评分只能说黑粉、水军、喷子太多。很棒的电影，欢乐搞笑、推理探案的同时，陈思诚导演把立意提高了。案件的背后关注到了第二次世界大战以后，带来的中日历史遗留问题，最后的配乐彰显了一个主题，人类命运共同体！,5,2021-02-18 00:35:11,77
唐人街探案3,Viviankung,假期图一乐，不管怎样、我看的很开心！然弟弟真的是白嫩嫩！,5,2021-02-12 10:14:32,45
唐人街探案3,seamouse,个人对这一系列不了解也没期待，看片时（后）才知道这么强大的日本阵容。最早场出来后，微信打开，各群里差评频见，甚至认为口碑将扑街。我自己却很喜欢，觉得是三部里最佳，但也质疑自己是不是因为不懂日本文化或者了解得非常皮毛，所以对电影从细节场面到整体构架，去戏仿和致敬黑帮、动漫以致推理小说这一套，非常认可。以7楼电梯门开闭做起始的停尸房那一场，更是可以直接拉出来作为喜剧范本。不足部分：开头动作戏确实和剧情开启非常不搭，弄成了歌舞片，不过嘛，当作贺岁闹剧，也能接受。Q的来历和目的设计也非常草率。另外就是我们的电影介入战后遗孤问题实在太晚了，好多东西现在说来比较勉强。,4,2021-02-12 13:00:06,17
唐人街探案3,s,和平精英一出来我人都傻了,4,2021-02-12 10:36:09,49
唐人街探案3,地瓜,看完本片还是很复杂的一个心态。其实还是很喜欢的，有一些优点：够搞笑；作案动机很有新意，是中国与日本的共同记忆；像前两部一样扣了“完美犯罪”这个宇宙主题，也扣了片头引文的主题；宇宙搭建初见规模。但又有一些缺点膈应人：本格推理有点弱，广告植入有点硬，直男笑话有点多，彩蛋角色登场突兀。但说实在的，若论这些缺点，《神探夏洛克》的本格推理也未见多强，《名侦探柯南》也有很多猥琐搞笑桥段，这些事可得一碗水端平。,4,2021-02-14 01:53:56,37
唐人街探案3,月印万川,讲道理是不难看的……报复性加一星。,4,2021-02-22 00:26:01,51
唐人街探案3,momo,昨天刚去看了唐人街探案3，我感觉是值回票价，差点看了豆瓣评分而错过一部好电影。发现了里面一首神仙插曲：on my way，真的好好听，电影院的画面感和音乐形成强烈的视觉感，真的被震撼到了，善恶相缠，世间没有绝对的黑白，悠长空灵的BGM有一种失重感，电影里村田昭下坠的一瞬间，音乐响起，让人感慨  秦风看着他从眼前渐渐下坠，镜头慢慢拉远，一瞬间的鼻酸……一千个读者有一千个哈姆雷特，每个人对事物本身的解读也不一样，我觉得电影真的很不错，安利。,5,2021-02-17 13:54:40,62
唐人街探案3,一闪一闪亮晶晶,天时地利人和，陈思诚一样没占到，怕被骂，只能弱弱说一句：我觉得电影挺好的，观众带了太多对导演个人喜爱度去打分了吧..,4,2021-02-23 00:13:56,45
唐人街探案3,中间灰,8.3,4,2021-02-12 10:37:34,45
唐人街探案3,静·生活每天都充满阳光,实话讲，唐探3，在电影院看，一点都不亏！唐探宇宙值得给他们贡献米！,5,2021-02-12 16:43:39,82
唐人街探案3,邵禹升,我是要赞扬陈思诚的，虽然褒贬不一。于我还是看到了他的心！,5,2021-02-16 00:37:21,43
唐人街探案3,怎么这么可爱呀,我和老公都觉得好笑，并没有评论说的那么烂。,5,2021-02-16 22:04:51,49
唐人街探案3,橘子味的猫,不能说烂片 但也没有多好看 ,4,2021-02-13 00:24:44,48
唐人街探案3,文刀火,这次是跟众多亚洲演员的一次合作，整个探案团队的团魂也越来越强了，冒险精神也越来越强了，果然，一个团队的成功必定会带来更大的成功。,5,2021-02-12 11:02:38,44
唐人街探案3,直胖,在春节档能看到masami真是太开心了！,4,2021-02-12 15:11:52,9
唐人街探案3,jackman,网上恶意刷低分太严重了，竞争对手太可恶，其实也没有五点几分那么低，本来想把他平反，但是照前两季确实逊色很多。所谓的大场面大制作照第二季差的太远了，照第一季也差很多，只是演员上投入更大了，前两季的演员都有了经典的呈现。在这个案件上是确实简单，从一开始我就想到了可能是自导自演的，因为想到了少年包青天第一季的最后一个单元。 结局也没有什么大的反转。再就是有些噱头，有点太刻意模仿前两季，比如换装，飙车，唐仁的女CP等等。这一季经典的镜头也不多，除了电梯那一段确实搞笑之外，并不像第二季粉红色的回忆和马路标称名场面，第一季电梯名场面换装名场面警察局名场面还有思诺等等让人记忆尤深。这次真的是感受到了妻夫木聪的颜，还是从内心支持唐探宇宙的打造和发展，大爱，继续下去吧。,4,2021-02-16 21:57:54,48
唐人街探案3,宋少女,我觉得还不错啊，日剧跑很接地气,5,2021-02-13 17:23:24,77
唐人街探案3,谢谢你们的鱼,爽得一塌糊涂，各种推理梗，日式冷幽默，神经病笑料配上大型跑团以及社会派推理，约翰·迪克森·卡尔遇上松本清张，1.5倍速即视感的快节奏，年度最强商业大作，疯狂的超A级任性，即使半个小时就猜出密室谜底依然被剩下时间的娱乐体验所折服，我就是喜欢！,5,2021-02-12 21:23:44,16
唐人街探案3,Amélie,兄弟们唐探三可以冲，别刷了。笑点没有之前的多，但是足够；推理性强。可惜多等了一年，人物关系还有之前剧情的铺垫有点模糊。我还是聚精会神地看的，跟着推理思路走，没有想出密室到底是怎么作案的，最后就几分钟时间阐释，我感觉没完全看懂，秦风说得太快了没跟过来。重点是我不剧透！感觉唐探系列很神秘，它的世界观我很喜欢，如果这个系列拍到最后不炸甚至出彩，陈思诚可能会被一部人记住。Q是谁，我认为是每个人内心深处的恶，人性的复杂与阴暗面。每个人都有的。结尾的烟花抚慰人心。★★★★☆,4,2021-02-13 17:28:02,41
唐人街探案3,花蛊尸,挺有意思的，一开始看评价不好，还以为有多烂，看完发现根本没有那么糟糕。虽然有很多硬伤，但是笑点和泪点也有很多，而且有一些情节设计得并不落俗套，最后女儿也没有原谅父亲，这点非常棒，不喜欢那种最后化解心结的毒鸡汤。女儿的痛苦很能体会，那句想让父亲也感受失去了一切在监狱中死去，动机很棒。有些负面评价看了，对母亲做法颇有微词，这种评价确实是何不食肉糜了。另外，超爱妻夫木聪和长泽雅美！,5,2021-02-16 00:59:13,40
唐人街探案3,是风不回,7，没那么差，但植入客串太突兀，剧情容易被看穿，有些情节的确低俗，但喜剧片氛围和剧情过得去,4,2021-02-15 21:35:42,42
唐人街探案3,Cloudxi,感谢大家降低期待度，结果意外觉得还不错，并没有那么难看。的确是没有第二部好看的，但是这个得分真的有点低了，总觉得属于七分左右范畴，剧版和影版联动，团队作战升级了，感觉在下一盘大棋，期待第四部！,5,2021-02-16 21:16:03,39
唐人街探案3,JOJOORC/Z,好看，热闹开心，染谷将太浅野忠信还是帅啊，有很多肥宅梗比如逆转裁判。想再去日本🤧,4,2021-02-12 13:52:26,10
唐人街探案3,肉小肉,我觉得7分还是有的…,4,2021-02-14 20:49:28,40
唐人街探案3,巧克力维他奶,一大早去万达看IMAX(因为早场最便宜 其它场次也太贵了)感觉还是蛮好看的 作案motive太狗血无聊了 Q的真实身份还不如直接是一个人 是个组织就没意思了 搞得跟隔壁酒厂似的 以及希望陈导别再开女性的玩笑了 不好笑 片里的护士姐姐真的可怜 这部BGM终于有钱了 不是Welcome to New York跑全片了 四星给刘昊然和妻夫木聪√,4,2021-02-12 19:53:57,27
唐人街探案3,四野虫,比较不喜欢的是结尾较长的煽情戏和“世界人民一家亲”MV，其他都很不错，属于那种好看的片子。,4,2021-02-12 20:58:38,16
唐人街探案3,前戏大师,最期待的电影春节电影！笑点很密集很通俗，非常适合过年和家里爸妈一起观看。刘昊然的颜，张子枫的反转我都超爱。而且不单单只是搞笑了，用心看还是能体会出很多价值观的，适合二刷。强「强」联手，「昊」事成双！,5,2021-02-12 12:38:42,154
唐人街探案3,帆jzz,推理部分很棒，典型的中国大片，恭喜我们国家也能有这样棒的商业片，绝对对得起票价，导演还是很有能耐的，希望以后我们的商业片能越做越好,5,2021-02-12 10:17:52,25
唐人街探案3,原子粉碎机,春节看这部很爽啊！！！笑点挺多，而且都这个阵容还要什么自行车？浅野忠信，妻夫木聪，长泽雅美，染谷将太！王宝强太用力了。,5,2021-02-12 15:53:52,94
唐人街探案3,雨落天秋,和平精英广告植入的一瞬间懵逼了，其他就还好，案子简单点对我来说倒也不是多值得抨击的事毕竟过年看电影不就图个开心吗，至少前边让我笑出来了。实话实说5.8分有点低了，6.8分还差不多,4,2021-02-15 18:12:20,28
唐人街探案3,kzkr,唐探系列拍到现在，预算在国产电影里已经算是大制作了。这一部贺岁元素比较多，填了一部分坑同时又对整个IP体系做了新的扩展，代价是压缩了推理部分剧情。仅这部而言，故事背景发生在东京，请来的日本演员又都是我个人的心头好，这就是我的复仇者联盟啊。,4,2021-02-12 15:21:20,0
唐人街探案3,Gypso,很搞笑啊，除了后面出来的那几个打广告的人让人摸不着头脑…,5,2021-02-14 10:48:13,45
唐人街探案3,ほほ,感觉看到了工业片的可能，变形金刚又有什么剧情呢？只要把IP打造好，就能变成产业，我倒希望这样的人多一点，多了才有竞争力，才有可能越来越好。三星半。,4,2021-02-14 13:42:38,24
唐人街探案3,抓马少年,水准之上的贺岁片，陈思诚太懂直男和普通人了。“长泽雅美变成了中国人。”“中国人站在涩谷十字路口给日本人撒钱。”吃泰国冬阴功汤、日料还是中国饺子？文化自信？人类命运共同体？豆瓣女性主义热评把陈思诚批的体无完肤，但在影院听到的全是普通女性观众的开朗笑声。认知的裂痕无法被真正弥合。如果你是创作者会怎么选？20亿票房还是拥有狂热的知识分子拥趸？,4,2021-02-12 19:28:22,8
唐人街探案3,培根君,三星半吧，以商业片角度来说已经照顾的很周全了；走向基本和预测的预期相符合，照顾了欢脱氛围后越来越娱乐，偏离推理主线估计会惹怒不少原始粉丝，但预计最后的票房成绩依然会更加坚定主创团队继续开发商业化道路的决心,4,2021-02-12 13:10:25,9
唐人街探案3,英年早睡,今年贺岁剧的豆瓣开分真的出乎我意料，明天把李焕英看完就6部全看完了。而开局6分的唐3居然是剧情最顺的一部。1和2都是网上看的，实在喜欢不起来，1算是有认真去走推理路线但拍得不太好，2完全就是纯走搞笑赚快钱的货，反而3里面加入了妻夫木聪和托尼贾2个角色的戏份，很好的分摊了王宝强过份多的喧闹，整部片都没那么燥了。而这一部的有几处戏剧式安排还是挺不错（虽然不是创新），比如停尸间换尸的多方角逐处理，比如涉及马路撒钱处理，后面交代麻酱小时候身世的安排（虽然也是似曾相识的一碗面卖身梗）也能很合理地融入剧情的动机里面。还借着这些嬉笑怒骂去表达了一些哲学性观点，比如杀人平分面部和冲红灯侧面对人性阴暗面与不可控的袒露，善与恶的莫比乌斯环理论等等。我也不想莽猜是否有水军打压豆瓣分数，反正我并不在意豆瓣分数论。,5,2021-02-12 21:14:22,40
唐人街探案3,Der Vorname,推理过程有些冗余，篇幅可以删减。但是前半部分的喜剧处理非常到位，王宝强作为最合格的搞笑担当让全场笑声不断、此起彼伏，这就是贺岁电影存在的重要意义。终极凶手其实在意料之中，但是电影给出的解释却在意料之外。长泽雅美最后一场的长镜头独白展现了她的优秀演技，染谷将太、刘德华和一众知名演员的客串加盟，升华了电影的惊喜感。值得一看。,4,2021-02-15 22:14:08,24
唐人街探案3,ZacharyYuan,个人觉得过了这么多年其实总体上是比前两部更加成熟了，有前两部的特点也有新鲜的元素。但最喜欢的还是第一部，因为那时候主题更精简更明确。,5,2021-02-12 19:05:09,65
唐人街探案3,noma,挺好的，评分低了点，6.5-7分总是有的,4,2021-02-15 09:25:50,21
唐人街探案3,匣中猫,从商业性角度出发还ok，陈思诚真的非常会抛烂梗和加生硬的软广，在国内角度出发的话也有很多足以令人耳熟能详的“动漫梗”，也处理得不算特别烂俗，尚在可接受的范围内。惊喜是大设定里还看到了《20世纪少年》的影子，感觉本身就是脱胎自日本ACG文化的设定和舞台还蛮能自恰的。但是总体上来看，还是没有多加调研又或是不好写太多，80年代泡沫经济时期的事情，在日华人黑帮的故事，基本是可以看到浮光掠影却又不敢深写的地方，幸好关键人物的演员在关键表演还是很厉害，一下子就把人带到了这个与中国看似无关又息息相关的架空日本里去。不过比起本格推理密室，最后感觉还是比较偏社会派的解法了。3.5归4，大过年能看刘昊然好像就已经很满足啦。,4,2021-02-12 13:03:40,4
唐人街探案3,康康,只看到第一层，没有看到第二层，这就是差距。,5,2021-02-12 10:37:10,26
唐人街探案3,宋小君,作为娱乐片，还是及格的，观众想要的都给足，除此之外，也没太多值得夸赞的地方。确实也只有春节档适合这样吵闹也热闹，杂乱夹欢笑的片子。不管怎么说，唐探系列已经坐稳了国产系列电影的头把交椅。,4,2021-02-14 15:11:45,12
唐人街探案3,野云飞,我认为陈思诚是有才的，也佩服他要构建一个唐探世界的野心。这部分的故事，并不复杂，但是最后故事的解密，却给了一个社会，人性的思考。到底，什么才是最大的犯罪？又要以什么来对抗？秦风并不一定要本性善良，但在第三部却回归了传统大男主的社会身份，主流角色需求。这也许是陈的聪明，以及一种对社会大众的妥协。把秦风完全正面化，不知道算不算是败笔，但却为后面建立唐探世界奠定了基础与基调。对人物来说，是有损失的，但对于唐探世界来说，为后续故事的展开，事件的矛盾对立，拓宽了大道。为一个“世界”，放弃一部分主角个性，也是不得已而为之吧。,4,2021-02-23 17:54:32,20
唐人街探案3,普通朋友,冒着掉粉的风险打个高分！其实不错啊哈哈哈。,4,2021-02-17 23:10:14,10
唐人街探案3,陸佳,制作满点、故事也还不错、当中他把那人推下的时候我很失望、可是后面又圆回来了、给它鼓掌👏🏻要不是一九年看了剧集、马伯骞出现的时候我肯定看不懂、不过就算看了、也觉得他们五个像狗皮膏药贴上来的；heal the world是后面加的吧？这段有点感动；最后伦敦预告的时候出来了熟悉的面孔和新面孔哦、骑待～台岛男演员、最爱还是邱沢、好有气质哦！那日本人的名字我完全想不起来了、老年痴呆🤪,5,2021-02-12 11:26:06,19
唐人街探案3,我是一架战斗机,可能是我对他预期太低了，导致看完觉得竟还行？不过王宝强说话还是受不了...,4,2021-02-18 15:23:42,25
唐人街探案3,MQ,时隔一年了，终于看到了唐探3的庐山真面目。依然还是熟悉的味道，只是制作更加精良，笑点更加密集，并且唐探宇宙也初见规模。欢笑破案表象下，却有着对善恶的思辨，何为善？何为恶？善恶的两面性思考从第一部一直贯穿到第三部，也是导演一直想传达给观众的一条暗线。传说唐探3是陈思诚导演亲自指导的最后一部。欢笑，悬疑，解密，群星。一部如同年夜饭一般丰盛的贺岁档电影。 什么时候选景来澳洲呢！,5,2021-02-12 12:35:17,150
唐人街探案3,27,可能最近烂片看多了，觉得唐探还不错，挺完整的，节奏很好。希望推理部分再多一点吧，现在还是搞笑为主了。广告可以接受，东鹏植入构成笑点，吃鸡有点突兀。作为女性，36d没有不适，护士挨打也不是不行，毕竟日常影视都是男士丑角挨揍。,4,2021-05-02 17:28:18,20
唐人街探案3,♒。ABCDFG,寄托了我三年的对Q悬念，我半年的万达电影持仓，三个月的春节档影片研究。必须给5星。就电影而言觉得有点太抖搞笑包袱了，1这样2也是3还是，那4要怎么弄呢？这部布局解惑还算可以的。实际给分给4星吧。,5,2021-02-12 22:34:40,42
唐人街探案3,Lynn,我就非给个5分，气死那些上纲上线的女拳选手们，就凭大过年的我花了人均几十块轻松度过了两个小时，把我和家人逗一乐。看个电影而已，搞得政治大戏一样，是不是以后电影里的女人都不能被暴力和受伤了？若不是过年我一般不在电影院看此类商业贺岁片，既然选择了就做好准备降低标准，乐呵乐呵得了。谁知从B站开始女拳选手又跑进去电影院，太可怕，什么年代，思想自由一点OK？,5,2021-02-19 01:26:31,45
唐人街探案3,光屁股11号,首先，对推理部分不满意的中国观众，肯定是基本上对日本这几年主流探案推理题材影视作品认知几乎为零。陈思诚其实在唐探的故事风格上进行了比较接地气的处理，泰国的群体动机杂乱，美国的破案过程直接但曲折，日本的时代和情感因素过重，都是符合每个地区文化背景的包装。选角OK，工业端OK，彩蛋OK，低分有点过了。但是能看出来陈思诚野心有点太大，希望第四部能够对伦敦拿出更多诚意。,4,2021-03-03 19:26:51,37
唐人街探案3,中国队741,不得不说，陈思成在为唐探宇宙构建一个大局，将来这一系列会越来越大，为了将唐探1  2和网剧里所有角色都带入这部电影花了不少功夫，但是总体这部电影和第二部比呢有优有劣，但都是不如第一部的，中间在那些人在停尸房那段真是笑到肚子疼，最后看到那个警察 宋义 ivy 和刘德华坐在一起的时候，怎么让我有种看复联的感觉？刘德华=灭霸？其他人=他的手下？未来会不会出现q组织和神探组织的对决哈哈哈有意思，期待下一部吧，这部给7分，下一部应该叫唐人街探案4无限战争吧🐶，有复联那味了🐶.,4,2021-02-12 12:48:12,18
唐人街探案3,蘼迷猫,现在的唐探早已不再是第一部单纯的侦探类电影了，作为一部全民期待承载着贺岁片使命的商业片，它要同时满足推理+搞笑+煽情+贺岁+情怀梗+国际化+商业植入+宇宙联动+带资进组的需求，从最后的成片质量来看，完成度到这样已经很难得了。即便槽点不少，但主线还算立得住，陈思诚的小聪明依然比国内大部分商业片导演要有趣，这从他设计的梗和彩蛋依然能让人看片后引来讨论就可见一斑。作为一个80后，电影里陈思诚的怀旧梗都能get到，圣斗士、樱桃小丸子、东爱、草帽歌、MJ、东野圭吾、午夜凶铃、东京热……表演上全体日本演员仿佛在給所有国内演员们上表演课，长泽雅美最后几分钟的表演把这个商业片硬生生拉高了level。以及妻夫木聪即便已经满脸褶依然那么可爱。PS：刘天王和肖阳在这里和《人潮汹涌》隔空联动算是隐藏彩蛋了。,4,2021-02-13 15:38:42,28
唐人街探案3,藥王子,对商业元素的调用达到了一种极致，就整体制作来说，陈思诚做到了商业上的真诚。开场时的各种乱入，中间的反转推理，结尾的人性书写，共同完成了一部合格的商业片。至于被吐槽的东京热等梗，假如观众对此都不能容忍，不如回到样板戏时代好了。,5,2021-02-24 12:23:20,19
唐人街探案3,鬼X,第三部总是最烂的但是很好看啊商业片能搞到这个程度不知道某些伪文青在愤世嫉俗个什么劲儿从头到尾除了两三个小突兀基本上没啥掉线的地方啊原本也不是推理剧搞那么严肃干啥，光看长泽雅美就值回票价了好吧……还有说打女护士36D不能忍的，拜托拳师都去打那个曝露狂好了，宝宝被打小岳岳被哄就是哎呀好好笑，换了个误会桥段就不能忍了，拜托你们脑回路也偶尔畅通一下嘛……,4,2021-02-28 18:40:01,10
唐人街探案3,水墨,小唐的喜剧效果，没有前两部发挥的淋漓尽致，但是老秦的探案功能，挖掘得更深刻，案件的结果，没有前两部震撼，但是侦探的协作，配合，对整个唐探宇宙的展示，还有Q组织的铺垫，却比前两部更震撼，整体跟前两部打个平手，仍然是非常好看，看完上网一瞅，竟然有这么多的黑子打低分，正常四星，多加的一星是对黑子的鄙视,5,2021-02-12 13:53:23,26
唐人街探案3,CCCCyyyy,上一次看到把花衬衫花外套穿得如此潇洒的人还是布拉德皮特。,4,2021-02-14 22:25:33,4
唐人街探案3,KG,大家的评分都很低啊，我也很少打满分的，但知道凶手是个单亲女儿的时候，我只能给满分了，抛弃妻子的父亲真的说什么都是借口,5,2021-03-15 21:55:51,45
唐人街探案3,女宛心兑,三星半，整体其实还好，虽然有点俗，但毕竟集齐了本来的昊然弟弟和妻夫木聪，长泽雅美我最爱的日本男女演员，也算难得，可惜邱泽和张钧甯的戏份太少了，估计还有第四部。正义有时候需要牺牲这个探讨有点意思。里面案件过于简单。以后还是可以下点功夫。,4,2021-05-02 20:54:09,0
唐人街探案3,zz,这无疑是三部中最好的一部！在前两部探案➕喜剧类型的铺垫下，这是一部成熟、完整又精彩的延续呀～ 节奏紧凑、信息点输出密集，真正做到了案中案，整个观影需要非常投入。再加上阵容的搭配，已经不是中国影史的突破了，是亚洲影史的一次创新，尤其在疫情之下。但也许是因为高密度输出，再加外文对白过多，让观众看起来太费劲了，不像前两部更纯粹粗暴一些。但我觉得没必要因为这次的票房表现过度失落和更改后面的创作思路，宇宙已经建立，希望接下来越来越精彩，拭目以待。,5,2021-02-23 02:45:04,16
唐人街探案3,1234567,我觉得还行挨 笑点也可以 挺适合过年氛围的 整部剧70%都是日语哈哈哈哈（我爱日语） 啊有一点  电影售价太高了 ,4,2021-02-14 10:48:17,8
唐人街探案3,豆友2959860,前半段好笑，后半段好哭，能把一部商业类型片做到这个地步，已经很不错了。没想到整部片子，最大的彩蛋是刘德华。,5,2021-02-12 17:43:50,55
唐人街探案3,mumacao,发现很多人打低分是对他抱有太多期待，作为路人来说还蛮好笑的，热热闹闹恶俗搞笑还夹杂点推理。后段的上价值太生硬拖沓，甚至搞成了复仇者联盟？相信之后白嫖的人增多，分数会上升一些的。,4,2021-02-19 08:14:57,9
唐人街探案3,glow,这片子有我太多喜欢的演员了！长泽雅美，染谷将太（虽然只出场不到五分钟，但是染谷将太真的演啥像啥），铃木保奈美，妻夫木聪，三浦友和……虽然是喜剧探案，但最后法庭陈述杀人动机那块的确是看哭了。各种元素轰击你的脑袋，东北绥化、日本战后遗孤，太能产生共情。陈思诚是想搞个唐探宇宙？最后彩蛋是在为下一部埋伏笔？,4,2021-02-13 19:06:25,8
唐人街探案3,阿宇同学,我觉得挺好看的啊 妻夫木聪好帅长泽雅美好美,4,2021-02-15 22:09:34,17
唐人街探案3,Dolphin,很庆幸下映前去贡献票房，期待4。陈思诚世界大同的理想我是赞同的，各种纪律委员退散吧！,5,2021-03-09 23:30:44,25
唐人街探案3,卫有疾,难得的国产商业电影能数到3的，希望是个开始，以此鼓励一下。（有人说小时代数到4了，啊，我去洗眼睛）,4,2021-02-13 07:55:00,4
唐人街探案3,abc123,电影真的大家说的没那么差，有些地方还是感觉有东西的,4,2021-02-18 20:49:13,24
唐人街探案3,梦回红楼,为啥评分那么低呀 作为贺岁片 虽然猜到凶手 但是剧情里还是有一些想不到和步步推进 推理挺好的呀！嘿嘿 而且作为贺岁片不就是吵吵闹闹 嘻嘻哈哈嘛 最后heal the world 情怀 和爆炸头🤯世界和平 和气生财 不是挺好嘛！而且还有刘天王助阵！也算是惊喜呀！,5,2021-02-25 01:08:43,64
唐人街探案3,下辈子再努力吧,日本国粹抠死不累，居然是谁一谁压而不是刚大幕（我不服）。合理怀疑因为过于歧视日本被精日打低分，日瓣实锤。我觉得很好笑，我很喜欢这么烂的笑点。,4,2021-02-14 18:14:52,4
唐人街探案3,ZhuuC,最惊喜的是在最后的天王,4,2021-02-12 10:22:48,21
唐人街探案3,随风幻城,思来想去，给了四颗星，一是因为豆瓣没有10分值，但这部片子应该是比5-6分要高的，换言之，我不认为  。二是因为之前《你好，李焕英》给了四星，总体觉得两部电影在同一水准线。三是，也是最关键的一点，是这部片子蕴含的对于人性、制度、哲学方面的思考，值得四星的含义-推荐。唐探系列1-3，每部片头都有一段古代经典，而每一集中似乎都有一个完美犯罪。在第三部给出了端倪：用Q组织及其成员的“完美犯罪”，去惩戒那些滥用各种权力的“完美犯罪”，去实现有些极端的“天下为公”。,4,2021-03-05 16:12:54,17
唐人街探案3,白小白,为什么评分这么低？影评也是一边倒的黑？,5,2021-02-25 23:02:49,51
唐人街探案3,余小岛,热闹非凡，娱乐性极强。长泽雅美、妻夫木聪、浅野忠信、三浦友和，一群演技出众的日本明星为这部片子提供了非常细腻而动人的故事背景，让整部电影在热闹的基础上又显得没那么浮夸。最后Q的身份也算是有了一个相对合理的结局，建立一个神的国度，究竟谁才有资格执行正义，其实也是一个非常值得探讨的问题。,4,2021-02-14 16:57:36,4
唐人街探案3,Willyi公孫瑜,等待电影宇宙逐渐圆满的这一年是值得的。无论你是探索Q还是追踪主角团队的发展，或者仅仅想看颜值，都欢迎观影。本次日本元素犹如彩蛋般层出不穷，阔别一年后的“典型”演绎依然好笑，演员和人物的粘合度更高。剧情不算太过烧脑，更贴近贺岁感，但依然值得二刷去观察细节，且电影宇宙间的联动可喜。主旨深度相较2要强一些，在日本环境下讨论善恶多了思辨的层次。说这是近五年最好的华语贺岁电影，一点也不夸张。多提一句，这次的老歌依然很神曲。,5,2021-02-12 15:07:12,28
唐人街探案3,阿飞,终于把等了一年的唐探3看了，还好，经得起考验，唐探宇宙 立起来了！Q原来不是🤐,4,2021-02-12 14:16:25,2
唐人街探案3,山山来此,中国最好的贺岁片系列，没有之一。,5,2021-02-12 11:03:30,5
唐人街探案3,手机用户6557,5.6分不至于不至于，笑点低俗不是这一部才有的吧？王宝强见色起意的形象也不是这一部才塑造的吧？唯一导致低分的理由大概是因为陈思诚布局太大，一部电影要表达的东西太多，甚至想要去表达人类命运共同体和战争带给普通百姓的毁灭性伤害，导致破案推理过程被削弱，会让人觉得没有前两部那么惊艳。但整个唐探宇宙的布局，包括本案的想法以及表达的内容我觉得陈思诚依然是不可多得的电影人才。但是中间一些人物和情节大可不必加上，比如泰国侦探，比如跳舞援助刘昊然的那些人，比如那些Q，作用不大。,4,2021-03-09 21:27:35,20
唐人街探案3,Violet何舒,唐探宇宙我ok呀～,4,2021-02-12 22:11:46,8
唐人街探案3,认真学习的妞妞,别被开头劝退，看下去。,5,2021-02-17 12:42:13,13
唐人街探案3,时杏,最好看的春节档电影之一，各种元素杂糅其中，套娃玩的最欢。悬疑推理搞笑犯罪动作恐怖剧情家庭，合家欢电影，老少皆宜，还有很多的人性与立意。不剧透，不剧透，不剧透。院线领跑，确实名副其实。,5,2021-02-12 11:38:11,8
唐人街探案3,子望,对评论里的双标行为不予评价，广告毕竟作为商业电影插入情有可原，演员演技的确没话说。我认为说编剧不好啥的，毕竟并不是神作，做为大众娱乐已经达到可圈可点的造诣了，强行尬黑只能说剧组没有照顾到一些细节的处理，导致小问题频频暴露。但作为中国商业电影唐探宇宙系列，我必须要支持一下！在中国敢这么连拍的真的少！加油💪,4,2021-02-22 02:52:57,12
唐人街探案3,汤圆大人,3.5，出于类型的高完成度以及不可避免的利益相关，往上拽一拽，给到四星。在春节档，如此一部全程大场面小高潮不断的喜剧、悬疑、动作电影，符合合家欢预期。况且它的电影技巧是合格的，从长镜头的调度，再到各种镜头的承接，非常流畅。从前听一位老师夸「陈思诚完成度高，从剧本至影像可提分」时不以为然，但此次确实有所感知，不谈场外因素，影片最终的呈现、对观众喜好的判断均把握准确。当然，节奏失调、推理弱等问题客观存在。期待最终的票房落点，如战斗机一般的开局，是否能稳住口碑，抵御李焕英，如愿斩获桂冠？端小板凳看戏。,4,2021-02-14 01:44:45,2
唐人街探案3,空山,麻叶，昊然弟弟的盛世美颜真好看（衬衣领口还是草莓！电梯那点真的笑死我了（鹅鹅鹅，我很肤浅的……,4,2021-02-12 19:13:09,2
唐人街探案3,乌鸦不像写字台,还可以，非常日系的电影，包括情感的处理和推理，其实整个观影过程都非常像看日本电影。至于被吐槽的王宝强部分，他在整个系列不都是这样么。。。,4,2021-02-18 23:59:47,15
唐人街探案3,Seveteen17,我觉得挺好看啊…,5,2021-02-15 10:05:44,14
唐人街探案3,南瓜头许言,我从来没想到有朝一日会在中国贺岁电影里看到卡尔，看到三口棺材，看到天树征丸啊。。。不过有一说一，剧情连贯性不如第二部。,5,2021-02-13 18:02:54,2
唐人街探案3,CeBerg,霓虹国旅游宣传片儿？,4,2021-02-16 11:50:39,1
唐人街探案3,你好。,长泽雅美！妻夫木聪！染谷将太！其实，最大的彩蛋是《摄影机不要停》。,4,2021-02-14 18:10:12,2
唐人街探案3,mindpixel,犯罪集团选拔成员的考验分为「识能法悟」，法是方法，悟是顿悟，字幕上的英文是epiphany，和阿基米德在浴缸里说的eureka（我找到了） 是等价词。商业电影开发上，陈思成「识能法悟」四项都很厉害，观影过程中对他拍城市全景的手法印象深，开发侦探宇宙是他的epiphany。,4,2021-02-13 20:11:39,11
唐人街探案3,紫色,没看过的的人，千万别瞎看豆瓣评分，对唐3来说，这个评分明显是偏低和失准的，当然如果你是抱着唐1那样酣畅淋漓悬疑解密和爆米花心态去看，我建议你也慎重，免得期望越高失望也越高。这部的悬疑其实一点不差，但是在唐1的衬托下略显不足，我是从中国电影商业大片宇宙化开启和唐探宇宙关于中国传统儒释道精神内核这两点来看，我给唐3打满分，因为这是真正意义上中国商业电影第一部IP宇宙系列，作为开山之作，怎么吹都不为过。,5,2021-02-23 23:44:14,23
唐人街探案3,7750,本来想打个4颗星，看到各位大侠的评论，诚惶诚恐坐立不安的打了个5星。对不起，我觉得很好看，我所认为的电影是大众艺术品，而不是高坐庙堂之上身披华丽霓裳的供人跪拜的泥塑。希望我国新生代的导演能够创作更多有价值有意思有趣味的电影！加油！,5,2021-02-18 22:26:00,9
唐人街探案3,隔壁家的桃太太,最后主角一方站在东京塔上摆阵型，好像《X战记》的天龙地龙啊。长泽雅美怼脸拍那么久居然没拉胯，碾压国内大花了。林默加一星❤️,4,2021-02-13 16:57:30,4
唐人街探案3,天涯,合家欢的不二之选，笑点很足节奏很爽场面也很大案件比一弱不算太离奇，但观影效果非常好期待唐探宇宙,5,2021-02-12 13:03:17,13
唐人街探案3,一百个叶杨,女性角色都很有魅力。长泽雅美一出场应该所有人都微笑了吧（长泽雅美的白色西装套装需要安排一下了）。教堂女孩张子枫眼神可以。铃木保奈美：“我什么样的男人没见过？”男生方面，三浦友和和染谷将太的呈现都很不错。游戏闯关一样的设定和打斗比较逗，相扑摔唐仁那里全场都笑了😆,4,2021-02-14 15:06:26,9
唐人街探案3,冬donger,绝了很棒的电影，豆瓣伪wenqing们不喜欢在意料之中,5,2021-02-12 13:13:27,22
唐人街探案3,KidCoolAF,最后一分钟惊喜太大了吧，看来是想要拍多10部的节奏，而且还不仅仅是电影…,4,2021-02-12 12:43:12,7
唐人街探案3,鸥鹭忘机,好家伙 麻酱配老歌,4,2021-02-13 13:32:18,3
唐人街探案3,SingLesinger,有一些不可抗力的遗憾，但是总体不负期待。,5,2021-02-12 11:50:04,4
唐人街探案3,yuiii酱,三浦友和 永远的神！！！！！剧情确实挺弱，但是最后听到迈克尔杰克逊的歌，觉得五星值得了！！！片尾居然还能看到劳模华仔，有点激动，真是为人潮拥挤的排片鸣不平！！！！！,5,2021-02-18 01:28:19,16
唐人街探案3,瓦达西瓦又又又桑只爱这巧克力,唐人街探案3唐探系列最宏大、最有野心也是最关键的一部，真正奠定了唐探宇宙的概念：善恶交织的世界，我们选择用正义一路前行😏,4,2021-02-15 12:16:16,2
唐人街探案3,仙飞豆,完成度还是很高的，不应该这么低的分,5,2021-03-07 22:56:54,19
唐人街探案3,JoeyLu陆柏宇,笑点核能，惊喜不断，春节档最让我满意的一部,4,2021-02-14 01:11:10,0
唐人街探案3,洛即休,赚钱容易，填坑不易，且看且珍惜,5,2021-02-12 11:23:11,11
唐人街探案3,寰尘,真的不错，喜欢推理部分，喜剧部分倒是欠佳,5,2021-02-12 10:04:28,10
唐人街探案3,不会与回味,下雨的两个镜头真的真的很好看下水道的镜头真的真的好好看帅哥掉楼的镜头真的真的好好看第一个解题的刘昊然好帅空境环境真的真的好好看 好高级  应该花了不少钱烟花场景下的人好好看啊张子枫出现的光真的好好看文咏珊好漂亮  小女孩也是剧情还不错  编剧好厉害 说实话不过有几个镜头真的好晕,5,2021-02-17 13:53:26,11
唐人街探案3,Oscar Mo,我觉得，这部片子起码勾起一个入门剧本杀玩家的共鸣,4,2021-02-13 00:00:02,6
唐人街探案3,boks,tc版还蛮好看的，老刘瞎掺和啥啊，哈哈,4,2021-03-07 16:52:08,0
唐人街探案3,兔子🐰,说实话我觉得很好看挺精彩的，很紧凑无尿点，这么丰富的爆米花电影6分给太低，物化女性的部分也确实有，这个陈思诚真的要出来受罚，直男癌到极甚至不知所谓，殴打护士那段最后那一脚完全无必要的呀！一个母亲被抛弃就没了生活能力到去卖淫偷东西我也是醉了。但是为了昊然和其他好演技的演员这5颗星必须打起来！,5,2021-02-13 22:39:47,1
唐人街探案3,從良,不知道为啥评分这么低。,5,2021-02-17 12:48:41,11
唐人街探案3,CobraCB,在现阶段的国内贺岁片导演里，没有人比陈思诚更懂观众们需要什么了，风风火火热热闹闹必不可少，再加上长泽雅美，真心不知道会打低分的各位期待在电影里面能学到什么礼义廉耻，好好上学吧，电影院并不适合所有人。,4,2021-02-13 02:06:47,3
唐人街探案3,Germinare,反派Q们是都有中二病吗？穿黑斗篷围坐在圆桌旁号称“我们是精英，要领导全人类”？？这是在搞笑吗？还有广告，插入的也太生硬了吧。。。深刻的在于小林杏奈一家的故事太沉重了。（更新）重新给唐探3加了一星，第一是它并没有网上说的那么差，可能是因为观众对它的期待值太高吧，毕竟唐探1确实经典，唐探2也不赖。第二，唐探的宇宙是一个有浪漫色彩的空间，有些东西自然会被理想化而高于现实，Q们有没有中二病也并不是重点。推理+喜剧本不容易，所以还是期待唐探4的，希望唐探能吸取经验教训，把这个系列越做越好。,4,2021-02-12 13:18:19,0
唐人街探案3,一郁知秋,2星给在未来，2星给电影本身，元素充斥的太满有点过头了，虽然各种元素杀搞的我这个看了无数电影的人很能起感觉但是过于频繁就真的有点降低了电影本身的气场。。。推理部分太弱，让我想到了柯南剧场版的发展过程，从最开始的精彩到后面的纯柯南救世界的爆米花大片。。。未来还是很期待这样一个宇宙，毕竟Q们的演员都是很喜欢的演员，中间还有思诺这样的人，未来值得期待，只是可以换个导演了。,4,2021-02-20 09:20:18,0
唐人街探案3,Maria,第三部《唐人街探案》解了一、二的坑，同时又开挖了新坑，很期待后续的剧情。唐仁和秦风的组合，也看出了导演对于唐探宇宙扩充的野心，我觉得，唐探充满了无限可能。,5,2021-02-13 22:02:39,3
唐人街探案3,abigale,3.5 比第二部好看～我爱长泽雅美！,4,2021-02-13 13:23:15,6
唐人街探案3,橙子,编剧挺用心的，演技也没啥问题。影评都是咋写的，并没有那么差。,4,2021-02-21 22:35:26,7
唐人街探案3,WLF锴哥,果然这是最适合春节档的电影，很嗨啊，结尾又埋坑了，唐探宇宙看来还要搞。PS.心疼一下电梯被打的护士，那是真疼啊。（7.0/10）,4,2021-02-14 01:03:38,16
唐人街探案3,梦回谢桥,豆瓣水军猖狂啊，评分被打到6.0以下，有点太扯了，要不是提前买好票就被你们骗了，故事完整，情节有趣，应打4星，故意五星好评。 ,5,2021-02-14 19:47:52,1
唐人街探案3,玄,头脑清醒的秦风+搞笑担当的唐仁，把喜剧和推理很好的结合了起来，这一部最惊喜的就是看到了Q的出场，最后的彩蛋相当刺激,5,2021-02-12 11:02:30,3
唐人街探案3,坏人一世绿帽,还行啊，没那么差,4,2021-05-01 23:29:06,17
唐人街探案3,乌苏～,"好多梗，场面宏大，延续了前几部的风格，也让我们再次见识到有钱能使磨推鬼还有帅能当饭吃！最后的强行抒情有点尬。拍到第三部还能维持这个水准已经不错了。冲着为国争光葫芦娃也要给10分！哈哈哈哈！",5,2021-02-12 13:03:10,5
唐人街探案3,藏藏藏,东京热啊！这个梗居然全场只有我笑出声,4,2021-02-14 01:35:41,2
唐人街探案3,Jacques,片子是绝对的联欢晚会风格，全明星，人海战术，嬉笑打闹无止境，早已不只是侦探类型片的变体。所以它只能拖了一整年才上映，因为大家昨晚都看过那台晚会，然后才发现还是唐探晚会更香。它有基本的主线故事但加了太多枝叶以保持从头到尾的亢奋，几乎给每一幕过场戏都做了复杂装饰，变成了一场接一场的重头戏，游戏化仿佛叠加了数个《动物世界》，不光是大量场景轻而易举到脱离现实，角色动机更经不起细想。油腻也的确很明显，植入广告更是放肆。本片的另一个任务是建立唐探宇宙——我没看过唐探网剧所以觉得很牵强，难道以后也要像柯南剧场版一样变成超级英雄电影了？今天看本片中的疯癫嬉闹，是一种对鼠年压抑的释放，也是一种不合时宜的浪漫——不戴口罩的人山人海、国际合作、异域风光和世界和平，我们似乎一样都握不住了。,4,2021-02-12 22:05:56,2
唐人街探案3,生活在别处,悬疑片内核还是推理 当喜剧贺岁片看还是可以的 很多人又哭又笑 我的期望太高了 所以也失望到谷底 电梯那场戏好笑但没必要 葫芦娃惊喜但没必要 轮渡呕吐更没必要 唐探1做得好 因为笑点和推理齐头并进 没有顾此失彼的情况 三部电影刷街 T1有闫先生派人阻挡警方 合理 T2gay吧大汉突然出现 不合理 T3五大灵童 硬强调唐探宇宙 不合理 甚至令我反胃要是当合家欢的贺岁片看 里面太多荤段子 今年这么高票房 必然有一家老小也去看了的 我和我妈看到“塞进去”“毛细血管扩张”“好胸”这类 那种尴尬包裹着我 以至于我看到小林吉奈在蓄水池里唐仁去救她水下那段镜头时 我都怕陈狗会在这个时候塞进去一些不合时宜的东西 ,5,2021-02-12 11:02:49,8
唐人街探案3,9527,比一不足，比二有余。多处剧情逻辑不通，比如水中会所的案发现场居然还会留下有犯罪嫌疑人渡边胜指纹的凶器，而且法医检查死者时并未对其头部受伤处所对应的击打物提出质疑，更离谱的是运送死者的那辆车居然被警方扔一边，没做任何收集证据的行动，，，除此以外，对和平精英5个憨憨的出场感到脑子疼一样的尴尬和懵逼。唉，新春档嘛，我喜欢笑点多的，新年图个喜庆，给多一颗星吧(目前的评分感觉确实有点偏低了),4,2021-02-15 02:30:26,3
唐人街探案3,斯内可Ben,电影很好看啊，春节档就应该热热闹闹的啊，东京的场景很好嘛，如果奥运会能顺利举行，又是极好的日本的宣传片，可惜疫情改变了一切，还好电影如约在电影院相见了，没那么好，也没那么差,5,2021-02-14 19:57:28,10
唐人街探案3,江湖骗仔,我打四星可能很大程度归结于这一部是在东京，几乎每一次转场都是我熟悉又怀念的场景，而且这一系列推理剧情，发生得最合理的地点 可能就是日本。有几个玩笑梗和bug是赘余和减分的因素，但是这一部涉及到Q的剧情我都有被惊艳到，尤其是涩谷那场考验游戏，有种弥留之国的爱丽丝即视感，能让人联想到网飞大剧，当时默默感慨陈思诚真的还是有一手的。张子枫推下唐仁、交给秦风手串这两段暗示也是让我惊艳和喜欢的。善恶交缠，不是非黑即白，这就是思诺最吸引人的地方啊。推理也是蛮精彩的，虽然没必要沾沾自喜地发现了第十四种密室，这类密室手法青山在二十年前就已经用过了。结尾大本钟和伦敦眼的预告真的让我高潮了一波，好期待在这个福尔摩斯的故乡会发生什么推理故事！虽然因为疫情可能很久才会见到了，但也庆幸是给自己申研的一个缓冲吧。,4,2021-02-14 00:58:52,13
唐人街探案3,豇豆胡萝卜,一个年轻貌美的妈妈为了一碗面当着自己小孩的面被一个流浪汉糟蹋… 想出这种剧情的人指定是脑子有点问题,3,2021-02-13 13:20:19,21765
唐人街探案3,亲爱滴么么哒,没那味了，后面强行升华，些许厌倦。,3,2021-02-12 10:36:16,17201
唐人街探案3,逝去的年华,开场尬到爆啊，逻辑混乱，推理小儿科啊，结局强行升华啊，总之是一部能看但不推荐的平平无奇的电影。,3,2021-02-12 10:21:04,14604
唐人街探案3,假亦真,不能忍强殴女护士！！！,3,2021-02-12 23:15:24,8687
唐人街探案3,江湖,无语，这个夹带私货好多，好多地方尬的一身鸡皮疙瘩，就是普通的商业片。,3,2021-02-12 10:39:34,6790
唐人街探案3,顾小山,本格派的壳子却有点社会派的野心，此后看麻酱脑海中怕是会响起洗脑曲。颇令人反感是母女写真式的回忆煽情，硬捧的精致女演员哪里像个落难母亲？广告植入太硬了友情提示别带爆米花。抛开以上不太尊重下沉市场智商的地方，唐探的成功无疑是工业喜剧的胜利。它是一瓶由野心调制的全民牌万金油。通过喜剧与推理悬疑的二元碰撞结合，塑造人物反差与演员夸张的表演形式，创作顾虑群体太多难免会显得大杂烩，但无法否认商业上的认可与大众狂欢。陈作为推理迷在情节创意下了些功夫，肯用脑子肯投票子故高票房算是正回报。冯时代之后国产喜剧颇受港九流的传染，聒噪有余笑料不足都想以小投入赚快钱，唐探刮起的喜剧工业风潮会加速其灭绝。但这只是向前迈进的第一步，我们更应，渴望卓别林式的反映时代的价值喜剧。,3,2021-02-12 10:17:37,1550
唐人街探案3,TT_Zian,整个片子如同看了日本文旅宣传片和泰拳的宣传片，中国元素太少了。无厘头搞笑风格，拉低前两部作品的悬疑推理能力。总之，很失望。,3,2021-02-12 10:06:25,3998
唐人街探案3,可爱的包子妹,第一我非常非常讨厌拿女性的身体外貌开玩笑 讨好男观众 这是巨大的恶意 第二我非常讨厌物化女性 后面强行煽情 为了生活偷抢卖…我不能接受 低俗下流的玩笑真的不是玩笑 有的情节我真的笑不出来 而且旁边还坐着小朋友…长泽雅美染谷将太刘德华还有妹妹撑起来三星吧,3,2021-02-12 23:18:20,2166
唐人街探案3,熟瓜太郎,这么多名咖，还是一度睡着了。,3,2021-02-12 10:33:34,2695
唐人街探案3,你吃黄连,这个密室在柯南里被破解都不用10分钟。,3,2021-02-14 13:38:46,314
唐人街探案3,韩小四,陈思诚用一大堆的名贵食材，做了一盘西红柿炒鸡蛋。欢迎收看唐人街探案之日囧,3,2021-02-12 22:41:37,304
唐人街探案3,小面加蛋,笑点真的太低俗了 女护士被群殴引起极度不适,3,2021-02-17 01:51:02,306
唐人街探案3,肉肉开始甩肉,谁能告诉我那个和平精英是什么鬼...,3,2021-02-14 09:31:57,291
唐人街探案3,问题不大孟菠萝,推理没有新意，我杀我自己不能算第14个密室吧，猜都猜到了。说实话，但凡警察法医认真点根本不用侦探出场，线索太明显了：指纹、缺了一块的玻璃屏风、头部伤口、被刺了两次的伤口、车里唐仁一找就找到的凶器。搞笑的桥段老套，比如停尸房偷尸、闹市撒钱都能看到很多电影的影子。总是盯着女人的胸，用女性的身体做笑点很下三滥和低俗，很过时了Q那里也很无语，一群人戴着斗篷围一圈坐，压根没有正经反派的样子，刘德华出来之后更是觉得就是闹剧了杀人动机那里很老土，故事太老套了，这个故事压根就没有逻辑，吃荞麦面那里滤镜加得像广告一样。呕吐那里非常恶心。配乐很敷衍，根本做不到完美融合，像硬加进去的。总之就是部贺岁一次性片，像塑料袋一样，骗到观众看一遍就算。日本演员演技都挺好，刘昊然表演层次显然不够，还得再磨练。,3,2021-02-13 19:55:17,277
唐人街探案3,流浪小脂,《日本旅游宣传mv》➡️《几个绞尽脑汁想出来的笑点》➡️《一站到底最强大脑海外分会场》➡️《是谁杀了我而我又杀了谁》➡️《资源咖戏份》➡️《意难忘之女儿再爱我一次》➡️《过年了整点敷衍的烟花》➡️《请个大牌演演Q》,3,2021-02-12 16:08:55,235
唐人街探案3,ewine,推理比较弱，配乐挺尴尬，煽情太多余，片尾玷污了mj的heal the world。不得不说，日本演员很优秀。,3,2021-02-13 00:13:36,242
唐人街探案3,hulanshouhu,强行煽情 强行搞笑 ,3,2021-02-13 00:05:08,4
唐人街探案3,总有那么一群人,开头就猜到了凶手系列,3,2021-02-13 13:20:44,236
唐人街探案3,误痴夏日,如果早知道会出现和平精英五人组，我不会买票的。这电影前后割裂太严重，远不如第一第二部咋说呢，白瞎了我染谷将太,3,2021-02-12 22:49:49,207
唐人街探案3,Kikiery,太尴尬了，这么多广告，以及拿女性开玩笑，真的很油腻。还有五大灵童啥的，完全没有出场的必要，强行加入。电影院座无虚席，就这样的质量对得起观众吗。后期强行煽情，世界和平。行吧，就这样吧。多给一星给日本的演员们，演的比中国的演员们好太多了。,3,2021-02-13 19:03:39,230
唐人街探案3,_Extra_ONE,no 真的不行 冲着昊然弟弟和宝强同志的系列组合打及格 小林酱妈妈的故事真的体现了导演深深的直男癌情怀 女人为了给孩子吃饭就是出卖肉体 这种桥段演了一万年了tm不腻吗 笑贫不笑娼 你就是真的去卖 你能不能给估算下自己的价值和生活需求 就为一碗面 吃了这顿就没下顿 导演就觉得女性是这么低智商的存在,3,2021-02-14 22:23:06,192
唐人街探案3,下一秒治好懒病,日本演员们拉高了一部电影,3,2021-02-12 12:29:13,164
唐人街探案3,硅基罐头人,油腻，厌女，bug很多，所有被称为艺术的东西都需要天赋，说一句陈思诚江郎才尽不过分吧？插广告插的也太尼玛无耻了，我来看推理加喜剧，你给我看超级英雄？多一分加给长泽雅美和妻夫木聪,3,2021-02-13 09:17:45,180
唐人街探案3,嗨seven,5.0，希望陈导明白三件事：聒噪不等于好笑；对女性的故事可以不那么套路；推理部分有点江郎才尽了。,3,2021-02-13 18:18:22,180
唐人街探案3,大聪,。,3,2021-02-13 17:52:56,103
唐人街探案3,周末自律,不知道说啥 就想知道电梯被打的护士小姐姐没事吧,3,2021-02-17 11:58:14,166
唐人街探案3,Akiraaaaa_,张子枫，请你适可而止，别老用一个表情吓人！,3,2021-02-15 23:42:02,178
唐人街探案3,吼哦哈,那五大灵童是什么鬼？？？超级尴尬,3,2021-02-15 15:43:35,158
唐人街探案3,别说话我真的烦,期待剧情反转之后加反转 最后来个开放式结局 嘿嘿,3,2022-08-02 22:09:15,0
唐人街探案3,亦宁NxN,1.和平精英广告非常败兴，仿佛一块强行粘上的狗皮膏药。2.世界观构筑得太着急，后期好几次感觉要结束了结果都没有。3.秦风野田昊基情戏可以玩一玩，挺有内味的。,3,2021-02-13 16:28:28,131
唐人街探案3,V丶Smile,不能说特别的烂，只能说烂的特别。这感觉就像是你来到火锅店，锅里漂着日本的三文鱼和泰国的臭榴莲。这时候店员把东鹏特饮倒在锅里说：“亲亲，使用招行卡支付有特别优惠哟。”这时的你已经不能发觉日本的火锅店有多违和，只能暗暗赞叹两点钟方向的那个妹妹是真他妈的好看。,3,2021-02-14 14:18:00,125
唐人街探案3,青草、,我觉得唐探三最大的毛病就是野心太大，陈思诚为了把所有人物都塞进来，弄得剧情生硬结构松散，对于没看过网剧的观众来说，那几个角色的出场都是满脸问号。整个案件和推理本身却没有吸引人的地方，甚至到最后变成了一个狗血煽情故事。喜剧的部分靠王宝强撑了半边天，却也大不如前面两作。,3,2021-02-12 16:24:19,134
唐人街探案3,玩具船长,披着推理外衣的合家欢喜剧片。最后的强行煽情让人似曾相识，名侦探柯南都是这么结尾的。,3,2021-02-12 10:08:08,121
唐人街探案3,呜呜呜,这已经不是换汤不换药可以形容的了，应该说是疯狂注水的一部，具体注了多少水，得有长泽雅美被绑的那个下水道那么多…,3,2021-02-19 16:44:42,123
唐人街探案3,私享史,前三分之二属于正常发挥，从刘昊然入狱开始全程靠台词说教到了令人厌烦的地步，回忆杀手法的母女苦情戏跟新手贾玲一个水平。陈思诚是个小想法和恶趣味并存的人，到了这一部小想法变少而恶趣味增多，王宝强的公鸭发情式表演令人不适，多处针对女性的黄段子甚至厌女设定令人反胃，还有大量刘昊然脸部特写镜头令人审美疲劳，这显然是针对女性粉丝的媚俗。对了，刘把γ-羟基丁酸念成了y-羟基丁酸，这知识水平怎么考刑警学院当跨国侦探啊。没想到中国电影从文化内核上的国际化之路，是靠《误杀》《唐探》这样的片子把在中国境内不能发生的杀人放火打架斗殴撒钞票等情节拿到境外发生来实现的，非常讽刺。本片日语对白占到一半，大过年我其实真不愿意看那么多字幕，而事实上讲了这么多日语其实跟日本没啥关系，完全是用中国人的思维在写台词。【仙桃金逸】,3,2021-02-13 22:38:44,66
唐人街探案3,lindsey,很失望。主线渡边胜杀人案真相，推理部分太弱了，拜托，你们可是在日本诶，本格推理不应该仅此而已。支线的q，说实话，设定很无趣，像是之前写了个很神秘的人物但是圆不了了就搞了个多人组合，中二甚至有点邪教感，在电影里给人感觉很出戏，而且染谷将太那段太太太长了，虽然是为了引出q的真实身份，但感觉基本游离在电影外，就剩q和发现长泽雅美身份这一条线连着。几段客串也有点出戏。这部喜剧部分明显超过推理部分，可能发生在英国的第四部，也不知道会不会去看了,3,2021-02-12 14:22:25,121
唐人街探案3,刘康康,作为推理迷，此片伤害性不大，侮辱性极大，希望约翰·狄克森·卡尔和森村诚一的书粉谨慎选择观看本片。密室诡计的水平从第一部的青崎有吾迅速滑向了青山刚昌，略等于柯南某一集，不知道陈思诚哪来的自信说不属于卡尔的密室讲义里的任何类型，我怀疑他和编剧都没认真读过《三口棺材》。最后那个破煽情理由也不知道怎么好意思碰瓷《人证》的草帽歌，我看好几个影评人友邻能把这个煽情上升到日本战后遗孤问题，真的大可不必，拔太高了。作为麻酱的粉丝……算了，不说了，都是泪。喜剧部分倒是有进步，医院电梯那场戏写得还行，但小护士莫名其妙被揍一顿其实设计得不好，最好是之前有点道德瑕疵的人，挨整会更引起大家发笑。,3,2021-02-13 17:02:37,47
唐人街探案3,MADAO,追赶戏太多，中间吵地我快睡着了，植入广告比我的鸡儿还硬，另外日本阵容过于奢华，妻夫木聪+染谷将太+长泽雅美+浅野忠信+三浦友和让我觉得这是日本电影请唐探剧组客串,3,2021-02-12 21:37:38,112
唐人街探案3,金盆囍手,像是我期末考试周努力写大写完整东拼西凑的论文，结果老师看来只有搞笑和空,3,2021-02-14 05:28:53,113
唐人街探案3,小陈,第一次直观感受到刘昊然的平庸,3,2021-02-14 12:33:56,105
唐人街探案3,可爱fufu,我以为大家说的十分钟猜出凶手有一定吹的成分，没想到万分真实。感谢明星大侦探,3,2021-02-14 16:59:16,121
唐人街探案3,frozenmoon,唐探已经是一个可以自我生长的系列了。这一部对于春节档来说肯定及格了。,3,2021-02-13 00:23:03,62
唐人街探案3,纪瓷,失望至极。东拼西凑太乱了。为了长泽雅美和妻夫木聪打的三星。妻夫木聪努力把中文说的那么好真是辛苦了。,3,2021-02-13 19:57:43,133
唐人街探案3,周末,全程：啊这就是疫情前的世界啊,3,2021-02-13 00:29:16,91
唐人街探案3,燕纾,开头打斗莫名其妙，打着打着后面就不再打了，女护士也太惨了，也没看到裹得严严实实的长泽雅美的“好胸”是怎么来的,3,2021-02-14 22:19:29,100
唐人街探案3,唐朝,虽然大部分桥段我都不喜欢，整个系列就是一游乐场闹腾喜剧（如果喜欢这个那它也算是好片），但长泽雅美的一场戏却把我感动哭了。我都想控制自己不流泪，看唐探3看哭未免太讽刺了（我自己这么觉得），可那一段太触动我了。我也意识到，它感动我的方法，跟它用口水歌配上滑稽画面搞笑一样。我对这些不感兴趣，但当长泽雅美那段戏的歌响起，立马把我拉进歌背后的电影里，歌和戏相关性很强，再加上回忆画面和麻酱的表演，于是我就哭了。,3,2021-02-12 10:52:12,74
唐人街探案3,相马空海,怎么说，虽然演员们真的很卖力，但剧本真的弱。故事一下就猜到了，推理部分不够精彩，而且除了东京综合病院那段笑了下，其他部分的低俗笑话完全笑不出来…演员方面，染谷将太那段演技压制，长泽雅美其实也还不错，就是剧情之老套让人对着煽情完全哭不出来…单纯看演员看热闹吧,3,2021-02-12 18:06:40,85
唐人街探案3,朝阳区妻夫木聪,依然是全程冷漠，被腻得不轻，但整体看下来居然已经是三部曲中观感相对较好的一次了。陈思诚有一种连妻夫木聪都可以被他带油腻的能力，但无奈观众们好像真的很吃这套。有关推理依然是一拍脑门走哪算哪，整个案件其实也不是很扎实，最大的观感就是，很臃肿，很冗长，明星不停走过场，但是大多数人真的根本不care。长泽雅美那条父女线可以深挖一下，染谷将太的角色也太工具了，可以探讨的点很多，没用好。彩蛋部分感觉是要把野心铺更大了，下一部请谁，神夏剧组吗？私以为好的导演应该学习如何做减法，但对于这样一部看起来就很烧钱的商业片来看，对观众而言，“看个热闹”恐怕已经是最贴切的评价了。最后的最后，知道说了没用但还是想说：王宝强真的可不可以闭嘴……,3,2021-02-12 14:48:10,38
唐人街探案3,白马长枪,额，因为东京热。。。好胸。。。36D。。。殴打“尸体”。。。怎么说呢，我不相信没有更好的搞笑思路、更好的剧情发展走向。用这些来迎合谁呢？还是要表达什么，不是很理解。当然，电影也有比较出彩的地方，但是有些东西放那会引起不适，很奇怪。最后，刘德华出现了几秒钟，很神奇。,3,2021-02-20 21:17:27,81
唐人街探案3,你说的是我🐴？,起初以为是合家欢，可惜他们给的实在太多了，广告植入的直接影响观感，最后为了推理，强行推理出一个四不像。推理，喜剧，剧情，世界观都不太完整，勉勉强强合格罢了。,3,2021-02-12 11:33:05,66
唐人街探案3,Jamie,王宝强真的越来越丑了，昊然是越来越瘦了，场面是越来越大了，赞助也是越来越多了，大咖也是越来越多了，剧情是越来越一般了。,3,2021-02-16 10:14:58,88
唐人街探案3,苍耳,结尾的强行煽情真的大可不必，就不能让人好好的看一部春节档应有的欢快的电影吗？且作为一个侦探悬疑类小说的忠实读者，电影里的诡计设计的很烂，一个很简单的诡计居然要那么长时间才破，就差把凶手两个字打在人脑门儿上了！！黄段子咱就不说啥了，恶臭。尤其是，为什么要为了一碗荞麦面去牺牲自己委身于流氓？导演到底对女性有多大的误解与仇恨啊？,3,2021-02-14 22:25:53,89
唐人街探案3,海角七号,"场面越搞越大，概念越弄越深，但基础的叙事流畅和梗的设计却越来越差，充满了为了刻意营造大场面而硬凹的尴尬感。PS：电影加硬广，反人类。",3,2021-02-17 20:56:53,84
唐人街探案3,赞达亚,护士那点看的很不舒服,3,2021-02-16 21:44:19,78
唐人街探案3,不二,恶俗的笑料，变了味的推理，也许打造出来IP圈一波就行了吧,3,2021-02-12 13:43:11,72
唐人街探案3,joker,看完唐探3，感觉陈思诚太聪明了，这是一个除了捞钱没有任何其他野心的电影，各种段子大杂烩，各种元素乱入，可以长在任何人的点上。唐探的套路:王宝强配美女（1的阿香，2的女警，3的小林酱），美女被绑架，成龙式的追逐打闹，各国特色风情（泰国，美国，日本），案中案，不同目的的人物出现在同一场景（1的阿香家，2的医院，3的医院），再加上一点点的悬疑，恐怖，催情和很简单的人性升华。这个套路，感觉有多少国家以后就能拍多少唐探。（观影地:老家万达）,3,2021-02-15 00:13:59,78
唐人街探案3,咖喱滚滚泡芙,其实喜剧成分真的变少了。后面母亲与女儿那个故事，我一直在想着实好无厘头，为了蛋糕?,3,2021-02-13 00:23:15,83
唐人街探案3,我是自愿上学的,除了比前两部更赚钱之外没看出比前两部更进步的地方,3,2021-02-13 22:18:58,79
唐人街探案3,青兒,最大的亮点就是妻夫木聪的衣服，每一身都太好看了！！,3,2021-02-14 10:58:46,70
唐人街探案3,Nakamori Akina,居然一见到她就猜到是她了…5分 包含场面分,3,2021-02-13 12:47:12,64
唐人街探案3,匡匡,大过年的，我就开心就行。但是！！！！我实在受不了陈思诚把女性拍成那样！我觉得有挺多镜头挺不尊重的。但是确实大过年的看个电影乐呵乐呵也挺好,3,2021-02-16 23:18:12,58
唐人街探案3,印璇Aletta,陈思诚你要再这么拍下去，4我就不浪费钱去看了～什么乱七八糟的,3,2021-02-17 00:02:55,55
唐人街探案3,内陆飞鱼,果然不能太期待，嬉闹盖过案件，聒噪胜于理性，案子太浅，结果太好猜，难度不及金田一、柯南的某些案件，来到推理大国还是没请一个大师做剧本顾问，好好讲个故事，遗憾。优点可能是讲了战后遗孤的老话题，但也点到为止没讲开。好在大银幕上的麻酱太美，在法庭上的陈述演技一流，起鸡皮疙瘩了。那些有钱的金主们，快把《海街日记》引进国内吧。,3,2021-02-12 17:08:38,23
唐人街探案3,陈六羡,两星半，侦探剧情弱了，BGM多到听觉疲劳，低俗桥段有被恶心，导演狗改不了吃屎的打女性色情擦边球和王宝强猥琐的形象平分💩色，最大的优点就是热闹人多。加把劲吧，我们要看的是侦探破案，不是低趣味的合家欢贺岁片，一部不如一部，失望。,3,2021-02-12 10:58:14,61
唐人街探案3,连城易脆,盛名之下其实难副😄😄这部电影最大的价值可能就是带热了电影市场，让电影院终于能稍微能借这个档期挣点儿钱了吧。当电影的重心不再落位于推理探案，那么自然会让那些冲着悬疑类型元素的观众感到失望。而太多的喜剧桥段，带有漫画感的画面设计进一步消解了电影原本就稀缺的悬疑感。真的就像培根悖论和反派影评说的那样，这个系列电影越来越像春晚了。,3,2021-02-13 10:51:56,35
唐人街探案3,桃桃林林,虽然评价不太行，但其实这片在类型上，还是有不少想法，而且执行得也不算糟糕。,3,2021-07-16 21:37:42,24
唐人街探案3,Summer酱酱,没有评价的那么不堪！像极了应景的合家欢！还好没有提前上映，坚持到今年春节，大过年的喜庆，观众的宽容度普遍高一些！剧情太简单，开场没多久就猜到死路上。能这分数已经难得。唐仁油腻太脏极度不适，殴打医护罪加一等。全剧好像就记住了张子枫妹妹的诡异笑容！德华还是帅的！Q有点low，好在不是一个人。,3,2021-02-17 21:57:51,37
唐人街探案3,Pooh,为什么一开始就打起来。为什么经常打起来。那个日本爸爸走了，女孩子的妈妈为什么不找工作。,3,2021-02-13 18:02:56,47
唐人街探案3,马泽尔法克尔,续集建议拍唐人街电影院杀人案：华语爆款片华人包场影厅里，满是鬼哭狼号的小屁孩、装死的父母、玩手机还功放并时而屏摄的傻逼……然后影厅突发无差别杀人事件，具体可以参考王的男人第一部小教堂动作戏。如果Q能策划这么一起事件，而且是大大方方地用枪，不是暗搓搓地在笔记本上写名字，我就承认Q是新世界的神。相信头脑正常的观众都会争先恐后地要演凶手，哪怕带资进组也在所不惜。,3,2021-02-14 10:41:19,12
唐人街探案3,island,一群日本演员为中国新年真是操碎了心,3,2021-02-16 23:06:36,46
唐人街探案3,花间主席,可能是被一水差评降低了期待，反而觉得没那么不堪，没有第一部精致是真的，但已经转变为固定的贺岁喜剧的模式，这样的形态也不是不能接受，场面浩大，节奏合适，有一定悬疑又不过分烧脑，还有喜剧，动作，视觉等多种元素，末了还要开启自己的宇宙联动不断往下拉，整体完成度也算及格水平了，反正我是觉得还过得去了，第四部还是愿意看看的。,3,2021-02-14 16:59:25,35
唐人街探案3,科林,其实推理还行，但被大量疯疯癫癫、次头怪闹的人来疯桥段喧宾夺主。每部均在当地街头追逐打闹也算该系列传统特色？（此处应有翻白眼表情）算了，不去讲了~说点有印象的：1、长泽雅美庭审戏哭诉有着意外的感染力；2、涉及二战遗孤是惊喜，未铺展深入乃遗憾；3、演员表里都没打名字的某港星最后露面全场WOW声惊呼；4、疫情当下，陈导聪明的话应把电梯里暴打女性医护人员给删改掉，至少我尴尬笑不出。,3,2021-02-12 23:31:30,17
唐人街探案3,Faye,难看，刘昊然求点进步吧，怎么还退了。尬点不只一点点，要不是Tokyo因素，我会打2星,3,2021-02-12 13:22:44,39
唐人街探案3,sweetbear,看完唐探3的名侦探们，请快速数出电影中出现了多少次植入广告？,3,2021-02-12 12:37:47,36
唐人街探案3,丁卯,用两个字来形容唐探系列的喜剧元素就是“聒噪”,3,2021-02-14 21:11:34,33
唐人街探案3,图书管理员,日式煽情实在是和贺岁片不搭边啦！等了一年，结果很失望。果然一部不如一部。群殴场面不断，亮点尽然是王宝强的吐戏，演得实在逼真，我也想吐了。刘天王最后露了脸，难不成还有第四部。,3,2021-02-12 10:23:10,39
唐人街探案3,心生,对于案件真相的暗示还是太多且比较明显，使得后面的高潮段落少了很多解密的畅快。临了突然拔高到《Heal the World》，有点突兀，跟前一段刚刚结束的庭审没产生多少延续，倒是有比较强的割裂感（其实放到全片来看，这个处理也是显得割裂的）。总体的呈现和趣味都不及预期。,3,2021-02-14 17:26:46,13
唐人街探案3,年年岁岁书,加长疯批版名侦探柯南,3,2021-02-13 16:08:00,42
唐人街探案3,GalaxyRunner🛸,及格分有，但是离满意还差很多，和平精英五大灵童一定要出现得那么尴尬吗？WTF！,3,2021-02-21 23:45:36,37
唐人街探案3,伯樵·阿苏勒,可惜了浅野忠信的演技...全程都感觉Masami酱要开始行骗天下了，看法庭戏又感觉要legal high了...大型东京奥运旅游广告，可后半部又...,3,2021-02-12 13:16:54,21
唐人街探案3,鱼京_,这个片子不需要探讨它的内核和技术，它的特殊性在于它是一个时代分隔符，2019年的龙标2021年见面，它运气极差又运气极好地展现前疫情时代一锅炖的虚假商业盛世，同时由于技法的荒谬，它试图表达的一切东西都显得异常地廉价，唯一打动我的只有MJ的Heal the world。放在这个时间节点和大家见面，会让大家难受到怀念以前傻乐且没深度的岁月。,3,2021-02-13 14:41:36,26
唐人街探案3,汽车大师,this story is just too much... 第三幕崩得太厉害，所以算是对山口百惠剧的致敬吗？这些啥都要宇宙化的风潮也真TMD够了。不过至少云旅游目的达到了。,3,2021-02-12 13:30:28,11
唐人街探案3,Vania,看日本的街景也就是图个新鲜，唯一笑的地方就是停尸房那段，其他的梗还挺尴尬的，比如日本的汤，还有耳机塞哪，抛媚眼等都挺多余的。另外很多情节毫无必要，比如葫芦娃那段，就亮个相然后换回去，对推动剧情有啥意义？然后几个人背着颜色各异的包奔跑在路上，还以为包里会有什么秘密武器，结果是一大包钱，但是谁解谜会背着一大包钱？他们怎么知道后面要撒钱？泰拳那个喝饮料满血复活更是傻，你是在拍动画片么？招商银行信用卡那个也是一言难尽……杀人手法的本格推理也还行，不过车里面的凶器，怎么警察就没有发现，然后唐仁就发现了呢？到最后揭秘父女的时候，没啥恍然大悟的感觉，似乎都在意料之中。,3,2021-02-21 19:15:08,40
唐人街探案3,居无间,和前两部质量基本持平，风格也类似，疯癫喜剧穿插简单推理。口碑反噬最大的原因是，它没有给到跟“宇宙”相匹配的内容以及格局。柯汶利接棒这个IP，很有可能复活。,3,2021-02-14 18:43:52,6
唐人街探案3,晚回舟,够热闹。也够直男癌,3,2021-02-12 22:38:25,45
唐人街探案3,团小纸,这密室太弱，看过100集柯南就够用了，而且八点档剧情忒烦人。但是吧，csc真的是把这个ip开发到极致了，拓展性也真的好，今年票房真刷到50亿那就还是想怎么玩怎么玩！小7真的好帅，穿大红大粉都这么好看！另外虽然老歌真的用的不太好，但heal the world真好听,3,2021-02-12 18:37:34,21
唐人街探案3,艾小柯,作为贺岁片还是及格的，足够热闹，前半截的推理也比较吸引人，当然后面就崩了。情节本身依然无法推敲，唯一合理的逻辑主线是视觉元素的展示，努力感人。长泽雅美演技加一星。,3,2021-02-20 08:24:25,21
唐人街探案3,海的另一边sin,割裂感是一部比一部严重，不过也是导演半故意的了；胃口很大，但胃不够大。,3,2021-02-12 10:43:05,26
唐人街探案3,薛三弟,轻推理，重娱乐了。有几个段落多余了，Q组织就显得出现的太唐突了，这样看的话，也可能是前两部对Q的铺垫不足吧。,3,2021-02-18 22:13:28,27
唐人街探案3,浮南蕴北,没有想象中糟糕，但剧情太杂乱，一星给妻夫木聪的骚包，一星给长泽雅美的哭泣，一星给片尾的烟火。,3,2021-04-30 21:30:34,31
唐人街探案3,蝦餃鳳梨酥,各种软广植入堪比连连看，探秘Q的主线和探案的支线割裂严重，剧情风格由戏谑耍酷到沉重压抑的转换也很突兀。黑帮老大的背景故事狗血又扯淡，但架不住麻酱和妻夫木聪实在太好看了！看样子下一部是英国篇，这可是夏洛克的地盘，唐探IP虽然主打喜剧，案子设计还是得多下功夫哇，推理部分还是很弱。已经三部了风格依然没完全定型，整成个水果蔬菜大杂烩看似面面俱到实则好看却不好吃。（ps：关注列表好多影评人给了高分一顿虚无的猛夸，看来有钱真是大晒。,3,2021-02-12 11:17:55,30
唐人街探案3,nature,主线案件简单，推理苍白，却又讲的跟破碎，为丰富情节而增加的身份背景探求和独白画蛇添足。暗线Q想讲又想藏，喧宾夺主，又没有讲好。开头的混乱，救昊然的四人组，片尾的烟花，莫名其妙，像极了作文要凑够800字时的努力。,3,2021-02-12 23:03:21,38
唐人街探案3,陆冠均,知道你赚钱，可是基本功别丢啊…………,3,2021-02-12 13:24:08,17
唐人街探案3,直到世界尽头,看到和平精英出现的时候一阵反胃，电影不应该有这种桥段,3,2021-04-30 21:49:15,46
唐人街探案3,一路南南,看着还挺嗨的，就是凶手开头就猜到了有点遗憾，看了彩蛋人选对下一部挺期待的,3,2021-02-12 13:48:09,0
唐人街探案3,发条辰,陈思诚老大杂烩了，第一部很美式，第二部很中式，这部很日式，推理+亲情主题，但这次陈思诚玩砸（杂）了，就感觉不知道是该哭还是该笑。宇宙建立起来了，陈思诚的路也就铺好了...... ,3,2021-02-12 10:37:07,24
唐人街探案3,默语生,导演野心真的很大，十分想给观众上课，导致故事内在割裂感很明显。前半部故事很水，后半部信息量又有一点过载，煽情伦理剧、正邪观探讨和历史命题都想要。前半部闹剧不能让人发笑，也让后半部的严肃主题探讨缺少了必要的平衡。而且这一部的“案中案”是三部中最突兀的，奸杀犯支线和Q的登场与主线间的关系太微弱了，牵强而失焦。以至于秦风真正面对灵魂拷问的场景，虽然和我在第二部时的猜测很像（可参影评https://movie.douban.com/review/9183160），但已经毫无兴奋感可言了。Q这个中二病晚期的设计，与对日本元素浮光掠影的可笑拼贴，令人对伦敦篇实在不抱期待。三星。,3,2021-02-15 22:23:37,24
唐人街探案3,史矛革,有点无语了，太多的广告，结尾强行煽情,3,2021-02-13 02:10:53,40
唐人街探案3,榛果。,我真的不喜欢按着我的头让我笑。,3,2021-02-17 23:55:39,27
唐人街探案3,周沐君,老秦和小唐之间一点chemistry都没有了……,3,2021-02-13 18:46:38,21
唐人街探案3,EAZIN,欢迎大家收看下一部《唐人街探案：刺客信条》,3,2021-02-13 01:21:57,33
唐人街探案3,小砂,后半段觉得别扭，想了想就是看了半集legal high🙂把刘昊然换成堺雅人，把王宝强换成新垣结衣，正好……另外，陈思诚真的很奇怪，他全片针对女性，东京的段子充满了油腻的直男气息，却刘昊然和妻夫木聪对视这里拍出了奇怪的感觉。他是深柜吗？？😂,3,2021-02-14 18:39:06,39
唐人街探案3,花渡,推了一年，终于得以相见，可是欣慰中却夹杂着失望。本以为这部打着本格推理的名号，会在探侦方面会有所建树，带来更加深入曲折甚至是全新的案件，可惜却暴露了陈思诚在原创剧本上的穷尽，三部以来推理最弱，开局即破案，影片也将推理的比重全都分给了寻找证据的过程，将其与Q绑定在一起。反倒是该系列的喜剧风格真的大成，没有了第一部初见时的尴尬刻意，这也得益于三部作品的接续，使得人物立住也熟悉起来了，笑点不断。万众瞩目的Q的身份真的一言难尽，陈思诚选择了最简单的设定，但倒是给续集留足了空间。唐探剧集与电影的打通也有点仓促，更多的是为了露脸而露脸，尤其是张子枫和林默。Q对于完美犯罪的解读倒是挺妙的，哪有完美的犯罪，有的只是滔天的权利。,3,2021-02-12 10:37:35,28
唐人街探案3,恶月零九,公平正义，需要牺牲,3,2021-02-12 20:21:12,31
唐人街探案3,苏打味的桃子,有钱了怎么拍得反而烂了，剧情感觉是拼凑起来的，很多情节都没有必要，唐探系列还值得让人期待吗？,3,2021-02-17 01:51:39,38
唐人街探案3,苏东的新娘,王宝强吵死了,3,2021-02-12 16:48:15,27
唐人街探案3,波波波菜,"对陈思诚王宝强有偏见，对昊然又偏爱，真不知道怎么打分呢客观地说，有些片段过于闹（闹到不知道在干嘛），有些桥段过于俗（俗到让人梦回东北二人转），不过作为春节档看个热闹，可能也不该太严苛还有一个很大的感受：大杂烩。强行插入广告（看到日本护士吃汤达人我立马出戏），强行安插演员，强行展示各类元素",3,2021-02-13 01:37:59,32
唐人街探案3,HarperDie,三星半。陈思诚是个太精明的电影从业者，特别知道如何塞令人翻白眼的烂梗，却能博得春节档观众的正向反馈。单从拍摄层面，IMAX摄影机的发挥极为有限，场面调度流于形式，戏感最好的反倒是医院电梯密闭空间的氛围。陈思诚很会“移植”拍法，相较上一部的好莱坞套路，第三部则全然日系，以至于探案成了包装，日式苦情法庭戏成为重中之重。长泽雅美和三浦友和的对戏相当出色，表演空间颇足。妻夫木聪、浅野忠信、铃木保奈美、染谷将太也都很不错。这样的拍摄选择，倒是显露出陈思诚拍纯剧情片的能力。特别想提一下陈思诚对LGBTQ群体的态度，真的很努力地想声援了，有种跳脱影片质量的好感。,3,2021-02-12 12:38:59,19
唐人街探案3,思郁,其他都太油腻了，就是觉得长泽雅美好美，在这部电影中显得格格不入,3,2021-02-16 14:57:17,9
唐人街探案3,旱季小骆驼,作为贺岁片合格，作为日剧欠些火候儿，对于长泽雅美信用欺诈师的滤镜太重，总觉得还能更精彩,3,2021-02-12 10:22:38,0
唐人街探案3,桉_ann,笑点越来越少，推理越来越差，场面越来越闹，谜底越来越简。,3,2021-05-04 00:25:42,18
唐人街探案3,财神快到我家来,之前就听说很烂，终于抽空看了，想要见识下到底有多烂，结果真的很无语，槽点多到无力吐槽！为什么要那样打护士？有些笑点为什么那么恶俗？？忙活了几季铺垫Q，就这？？？这剧情白瞎了几个日本演员的演技，这部真的太拉垮了！,3,2021-02-27 00:21:36,23
唐人街探案3,软糖小贺🍬,就直接说不足吧：1.配乐真的一般，甚至觉得和剧情合不到一起。2.片尾的强行升华以及超级英雄电影式的那种站位有点生硬。3.殴打女护士的情节令人迷惑，我想对着空气打拳了。4.推理破案的部分没有充分展开，36d我只能呵呵。和1比起来差的有点多。,3,2021-02-15 10:49:54,40
唐人街探案3,流光溢彩,好失望啊。这样也能叫推理、叫破案？全靠几个日本演员的演技在支撑了。ps，on my way那首歌不错,3,2021-02-19 13:22:37,28
唐人街探案3,CyberKnight电子骑士,标志性的异域场景、成龙杂耍动作式的街头追逐打斗、夸张搞笑的变装环节、结尾处的歌舞狂欢……这些作为唐探系列的标准配置都还有。整体感觉比第二部还有意思一点，但前后两个案子很割裂啊，而且所谓的本格推理，并没有拿出什么独特的玩意儿，长泽的二次谋杀本来可以设计得更巧妙，现在感觉就是在硬掰。单看考验秦风这条线还算有趣，但监狱中一场Q诏安秦风的戏实在是败笔！结尾Qs出现，也没显得特别震撼，《X档案》《疑犯追踪》等等里已经见多了。日本老中青顶尖演员的出现是本片最大的亮点，戏不多，但个个出彩，长泽雅美那段戏真的见功夫！反衬出我们这边有点弱了。我承认，唐探系列娱乐性还是不错的，但对导演的恶趣味实在有点厌烦。有些段落忒闹腾，没必要地搞变装，这也算春晚式美学吧。,3,2021-02-16 23:23:34,12
唐人街探案3,红豆♥,刚好到我们华仔的60大寿，加一星！电视剧和电影大合体也挺开心的,3,2021-02-13 20:31:41,13
唐人街探案3,waduheck,票房和评分是两码事,3,2021-02-15 14:21:03,35
唐人街探案3,黑豆豆,土，真的土，配上bgm土上加土，陈思诚真的太土了，也可能春节的本质就是土？和剧的联动完全没有必要，看见一堆拎着棒子出来的人我直接懵逼了。长泽雅美真好看！！！刘聪老婆你值得！！！反派就没劲，难道唯一永恒的主题只有审判吗！就离谱！刘昊然的白衬衣和张子枫的笑为唐探系列注入灵魂，第四部就不必了吧！！！,3,2021-02-12 18:18:53,26
唐人街探案3,懦弱者的托词。,抢尸体那场戏还是挺有趣的，但是结尾的煽情太奇怪了吧……还有这个案件，有点太过简单了，看完我就“就这？”,3,2021-05-13 07:09:36,13
唐人街探案3,素履以往,        自从唐探2之后，陈思成就开始在“我其实很厉害，是你们不懂我”的迷思里越走越远了。唐探3可以看出他的努力，他想把所有能想到的元素都加到电影里面，他也想重新尝试无厘头喜剧和新的电影叙事格式…但遗憾的是，新的尝试不仅没有提升搞笑的层次，也没有把故事讲清楚。        叙事脉络断裂，主次混乱；探案部分过于单薄简单，搞笑完全闹剧化，对于后现代无厘头风格的把握不够自如而显得低级又不伦不类…不过总的来说，陈导个中辛苦和努力，以及对于才华焦虑的自我突破，都是值得肯定的。观影的时候，我一直在想着ss说的一句话，一个人只要他还想要做事，还想要改变，想要变得更好，就值得被肯定，被鼓励。,3,2021-02-17 11:40:20,24
唐人街探案3,yoyo没有在学习,大概就是看到名列前茅的学生在一个假期后突然各科只能到达平均分的感受,3,2021-02-15 23:18:08,44
唐人街探案3,栓住砸,不带脑子看的话还挺好的🤭,3,2021-02-12 21:38:23,31
唐人街探案3,应尔,越来越不像一部主打探案的电影了……,3,2021-02-15 13:47:16,40
唐人街探案3,HSY,搞笑。案件简单，推理不难。作案原因狗血，强行感人干巴巴。结尾装逼。所以Q是要一部出现一个？,3,2021-02-13 16:03:27,23
唐人街探案3,是江湖骗子呀,推理部分太弱了，凶手毫无悬念。电梯部分虽然好笑可是蛮心疼那个护士的……又一次被张子枫吓到了……,3,2021-02-13 03:33:44,23
唐人街探案3,野生丹尼🎾,三部中最差的一部。全部看点都在几位日本演员身上。染谷将太和长泽雅美表现最好。陈思诚无法做到喜剧和推理的融合。从制作到审美，全方位体现了创作者的任性。,3,2021-02-13 07:40:23,30
唐人街探案3,夏茉,王宝强的角色真的生理不适 一出现就想要捂起耳朵 刘昊然还是看起来不怎么聪明的样子……只能说矬子里拔大个，国产电影的平均线之上。,3,2021-02-13 23:28:33,26
唐人街探案3,企鹅卷饼,和前两部相比推理也太弱了，感觉前半部分也没干什么乱七八糟的就完事了。陈狗本质还是辣鸡，很多针对女性的桥段并不好笑，还很恶俗。好在可以在银幕看见小七麻酱asano，也算蛮难得的。染谷将太简直大材小用。王宝强真是很厉害，辛苦了，除了他我方演技完败霓虹。,3,2021-02-13 18:58:31,37
唐人街探案3,Cosimo,首先，我不承认唐探三是推理电影。什么分水果，什么十字路口点数不都是小学生看的那种一分钟侦探游戏的书吗……还要包装什么本格，密室讲义……还有那个会议，显得Q好掉价啊，和初中生似的。作为电影，犯的通病，想讲的太多了结果没讲好。第一个凶案，第二个q测试，第三个家庭伦理苦情剧，一个都没讲好。而且穿插的喜剧元素有点尴尬。比如家庭伦理苦情剧没讲好，煽情不够深，煽到一半，又迅速恭贺新年？？？还有这部剧太捧刘昊然了，颜粉应该开心。实际上这个电影，刘昊然扮演天才侦探是那种理性和执着真相的人设，王宝强要负责感性和人性部分，角色才能互相成长，这部王宝强单纯的插科打诨，特别打酱油。好的部分在于场景和镜头都及格。添加的异域风情也属于亮点。我老婆长泽雅美也很好看，但是全程没几个招牌笑脸。,3,2021-02-15 18:05:26,18
唐人街探案3,飞机,和平小队很尬,3,2021-02-23 11:47:53,18
唐人街探案3,Citrus,还是怀念六年前不是春节档那个混杂推理惊悚没那么多噱头仍然被惊喜到的《唐探1》 张子枫的部分无论是六年前还是六年后都是最佳,3,2021-02-12 16:07:41,23
唐人街探案3,没有脑袋,杂糅了好多内容....推理也不是唐探的重点了,3,2021-02-12 11:42:48,19
唐人街探案3,乖沙皮,20210213 其实没有前两部还不至于这么低的分数，都给第一部吊起了胃口，结果到第三部彻底变成闹剧！嘻嘻哈哈，打岔充愣！反而日本演员抢戏，就这么几个亮点，麻酱戏份还少了！小朋友看了挺热闹，全程傻笑，更显尴尬，说好的侦探悬疑呢！越走越偏！,3,2021-02-13 21:16:47,27
唐人街探案3,喻鸣,真·秦仁劫！盘子越操越大，离推理越来越远，彻底变成贺岁喜剧公路片，内容宛如旅游闯关剧本杀。不管是覆盖老中青三代观众的中日豪华阵容、影剧人物联动，还是日渐下沉的定位连篇烂俗的搞笑，不过是为追求广大受众的最大公约数而已。票房如愿一骑绝尘，我不想称赞陈思诚对国民喜好把握之敏锐，只为此感到悲哀。言之无文，行之不远；没有诚意，只有算计，必自毙。,3,2021-02-14 00:57:27,10
唐人街探案3,影志,“善恶并非彼此对立，而是彼此纠缠”,3,2021-02-12 14:24:35,17
唐人街探案3,Kei,密室过于简单，Q过于中二，唐仁过于猥琐，主角的演技和日本演员相比过于平庸,3,2021-02-25 22:39:18,15
唐人街探案3,littleyi,平平无奇，像一杯冷水。,3,2021-02-12 11:43:13,13
唐人街探案3,格兰芬多,系列的制作在不断的扩大，但故事层面在走下坡路，零零散散的几段推理已经成为为数不多的闪光点了，想融合更多的风格，但节奏实在是散。影片已经过于贺岁向，距离动作与推理已经渐行渐远。唯一让我满意的是终于知道了什么是Q。 ,3,2021-02-12 11:37:14,13
唐人街探案3,梦忆流年,剧情一般，那个密室我一开始就全猜出来了，连同手法，犯人，没什么亮点。拍的到还可以，虽然广告真的硬。,3,2021-02-12 10:53:52,13
唐人街探案3,水浒三国金刚,日影情怀粉丝向，嫌疑人荞麦面为人间证明的献身,3,2021-02-12 16:37:35,6
唐人街探案3,DEXTER,单纯拍喜剧吧，别探案了,3,2021-02-14 10:23:41,26
唐人街探案3,LukeNewberry,推理不存在，案件没有新意，故事老套，无关紧要也没有观赏性的打打闹闹占据了大部分，整体感觉非常冗长，无厘头。可取之处: 妻夫木聪好帅。,3,2021-02-14 18:14:13,25
唐人街探案3,朽木立夏警部殿,一颗星给铃木保奈美，三浦友和，浅野忠信，染谷将太，长泽雅美，中老年黑帮朋友们演得真卖力啊。一颗星给风流倜傥花衬衫很好看的妻夫木聪。一颗星给托尼贾的真功夫；大家辛苦了！我第一次什么都猜到了！亲情大审判！尬死我了！,3,2021-02-12 18:42:07,9
唐人街探案3,颜落寒,完全当日影看观感就好多了。染谷将太，好惨一工具人，戏份少到想给他写番外。,3,2021-02-15 12:11:50,8
唐人街探案3,溪锡,优秀的春节爆米花商业电影。,3,2021-02-12 11:23:17,22
唐人街探案3,neoneo,破案太少了，搞笑太多了。,3,2021-02-12 11:57:35,13
唐人街探案3,Sundance小千,陈思诚把自己知道的外国歌都用上了。,3,2021-05-01 00:00:35,21
唐人街探案3,.捉摸不透姑娘.,从此wink就是油腻的代言词了,3,2021-02-16 01:30:30,29
唐人街探案3,未命名搪瓷🌈,大部分时间都在地铁老头脸，瞎胡闹到想说“日本到底得罪了谁”的程度。王宝强一惊一乍看多了真得腻，结果看观众都还其乐融融觉得原来异类竟是我自己。当年打唐探宇宙和网剧联动的做法很好，推迟一年后全场都在问这是谁这又是谁，还挺令人唏嘘。唯一让我有点儿触动是透过大屏幕又看到了一眼疫情之前的世界，太想回到那个吵闹的没有隔绝的世界了。,3,2021-02-12 16:05:45,12
唐人街探案3,里染天马,《人性的证明》故事新说；去看个氛围倒是可以，看推理就算了；本格推理？no，社会派推理？no。,3,2021-02-12 10:35:10,15
唐人街探案3,沼蛙奥诺维奇,爽点都在，前半段节奏还可以，后半段从唐仁回泰国开始全面垮掉，推理是不存在的（但其实能接受推理的垮掉，毕竟这两年几乎所有的院线片推理部分没有不垮的，但是节奏乱实在影响观感，和剧版以及第一部的联动剪掉会稍微好一些，陈思诚所谓的电影宇宙野心有点过于自负以及自嗨了）。总体而言比前作的「修炼成仙」好些。,3,2021-02-17 21:13:04,17
唐人街探案3,Heyvonne,本来还期待秦风这个人物能更立体更丰富，结果结尾看到正道的光照在一众侦探身上，我就知道这个系列垮了…,3,2021-02-15 16:15:27,1
唐人街探案3,River,为了日方演员们的演出加一星，为了客串的小文加一星，我算知道为什么影评说剧情割裂了，一边是无脑热闹的贺岁片，一边是祈祷落幕时的日影父女，强行揉进一部电影里。某些演员请学习日方演员的恰饭敬业精神，五分钟不到的出场，演技都吊锤了。,3,2021-02-14 09:27:22,17
唐人街探案3,shangbanshen,其实不管打护士，不管王宝强舔着脸流哈喇子等等不适，核心还是故事逻辑不够，为毛有绑架这出呢？女主为啥要告诉男主现场的情形？为啥将太桑要跳水库？都啥逻辑哦。探一的时候夸导演，为每个人物建立档案和历史，以求逻辑落地。到了3了，逻辑也落地了，可惜是碎一地。,3,2021-02-16 21:43:21,17
唐人街探案3,所有团的团长,喜剧部分不错，推理部分很拉垮。总体还算及格的商业片。7分。,3,2021-02-12 12:23:39,5
唐人街探案3,若酱,一些细节让人生理不适。,3,2021-02-12 21:33:07,10
唐人街探案3,叶酱,看看熟悉的东京街景听听日语还蛮开心的，毕竟不知何年何月才能再去了。别当推理来看，图个无脑笑一下吧。,3,2021-02-14 20:59:13,6
唐人街探案3,本格推理の喵,这电影唯一的意义就是让我在电影院听到heal the world。MJ永恒！这密室拿出来现也可以，但请别拖着三口棺材、犹大之窗和密室讲义。,3,2021-02-15 15:00:03,5
唐人街探案3,不要人夸读书少,感觉就是个在电影院里看的春节联欢会……,3,2021-02-14 16:46:04,5
唐人街探案3,千翎羽墨,打泰拳，喝东鹏，被吊打,3,2021-02-12 14:13:01,14
唐人街探案3,木君,烂的我头痛，不值得我多写一个字。,3,2021-02-12 11:44:30,16
唐人街探案3,書衣偵探華斯比,本质上，这就是一部“推理”春晚，有密室、有闯关斗智、有神秘组织、有社会派，外加搞笑段子，一盘大杂烩。片尾的“恭喜发财”，成了“唐探”版《难忘今宵》，唱出了导演的美好祝愿！整部电影的亮点在于让非推理迷知道了密室之王卡尔的“密室讲义”，但整个密室案实在乏善可陈，还不如在原有讲义基础上，来一个增补版，把《三口棺材》之后出现的各种密室类型补充进去，才更有诚意。有关Q身份的解答，以闯关斗智的环节出现，与密室案的推进产生了一定的割裂感，感觉像是为了主线硬插进去的。作为推理喜剧的“喜剧”部分，也是一部不如一部，这次只有“电梯”段落有点“笑”果，其他都没什么感觉。,3,2021-02-19 17:51:25,4
唐人街探案3,袁の野望,证人他妈的坐检方一边😂,3,2021-02-15 09:27:35,0
唐人街探案3,阿西,唐探系列ip大乱炖，密室真相挺无趣，来到日本中二气息就更强了，王宝强依旧很浮夸聒噪。,3,2021-03-18 00:20:02,16
唐人街探案3,李九弟Jody,以Q为代表的侦探团体追求封“神”，而四人组最后以还原真相为初心证明“人性”的善恶两面彼此交融才是“神”的创举。底子是有想法的，但是陈思诚硬要用掉价的小聪明（烂梗+毫无节制的煽情+恶心的广告植入+偷懒的凑时长打斗）把一个明明能做到八分的电影拍成一部偶尔有点惊喜但最后执行撑不起野心的乱炖。毫无疑问在商业上它是成功的，但它是否具有IP的生命力呢？以及昊然弟弟演技真的要加油了。,3,2021-02-13 17:33:50,5
唐人街探案3,千里,开场长镜头炫技，整个过程太吵闹嘈杂了，看一半的时候感觉毫无意思，一半时间是低俗喜剧充数。正经的推理剧情又非常简单，前两部和网剧角色全部串起来后，Q的出现，唐探宇宙才真正打开，前三部只是铺垫。,3,2021-02-12 11:29:18,4
唐人街探案3,Xplanet,开头关于女性互殴还有其他的与女性有关的片段，真的很不适。除此之外，是及格的商业片。推理部分太割裂，从片头那么多co-writers就能看出来了。秦风善良的猝不及防，很多角色大杂烩，有点跳戏，但第四部在伦敦还有刘德华，我估计又要买票了。但，关于女性的部分，只能看出陈思诚or他的团队，还需要摘掉有色眼镜看女性主义，或者做出一些行为而不是一味的tease，如果觉得现在女性主义的风头不对，只嘲讽真的会让人生理厌恶。,3,2021-02-14 02:41:18,19
唐人街探案3,晏子宸,谨以三分献给三浦友和、长泽雅美和铃木保奈美,3,2021-02-12 11:48:14,12
唐人街探案3,杂物社区,大杂烩，全是商业元素没有上两部好笑但是！！唐探网剧版梦幻联动，子枫钧蜜肖央刘德华Q原来是组织…虽然这部不太可，但我很期待下一部神仙对打！！！,3,2021-02-12 20:23:10,17
唐人街探案3,Pledis_李飞,高开低走（？ 不如前两部了,3,2021-02-12 16:50:49,15
唐人街探案3,超人叔叔,唐探新老团队大集结 果然把网剧里的班底都带上了 请来日本外援们的作用甚至超过了两位唐探本身 定位适合放在假期里和一起踏过马路的朋友们共同观看；其他广告植入就不提了 日本公寓里放个国产创维彩电总差点意思吧 IMAX 2D全程1.90:1满屏 2019年的龙标,3,2021-02-13 14:56:46,4
唐人街探案3,谢明宏,对女性无休止的身体意淫真的太可怕了，大痔疮和东京热简直是草榴社区级别的包袱……,3,2021-02-12 11:05:34,9
唐人街探案3,岛上的夏奈,陈思诚像是你大学时候宿舍那个会外放A片的脏直男（三星给东京）,3,2021-02-18 17:29:37,7
唐人街探案3,基瓦多毛怪,殴打无辜医护人员那段真的太过分了完全笑不出来。张子枫的插入极其生硬，完全是把观众当傻子看待。多一星给日本演员。,3,2021-02-14 01:12:47,8
唐人街探案3,小川叔,三星半不能再多了。整体的感觉其实就是唐人宇宙的春晚。会觉得人物过多要素过多，可是推理情节的反转，其实一点都不意外。 Q出现的时候，给出的结论是我要做世界的神，这个也是莫名其妙，特别中二。全篇可能最大的亮点就是结尾刘德华出来了。但不知道还会不会有下一部。目前看来网大的可能性可能会更大，从推理的设置到最后凶手找出来了之后，法庭上对质，以及整个侦破的过程，很明显觉得质量下滑非常多。,3,2021-02-12 11:44:24,12
唐人街探案3,woodstock,不知道应该评几分，陈导真的有才又油腻，刘昊然真的可爱，王宝强真的有（喜剧）天分。能请到这么多日本大演员真的厉害，最后听到heal the world真的想哭又不知所以然。,3,2021-03-07 22:10:17,0
唐人街探案3,BiteTheDust,1.案件部分对于老推理迷来说太简单了，几乎一开始就能看出大概。 2.BGM选得很迷，最后heal the world的大型mv看得我极为难受。 3.Q的主线彻底出来了，但是最后的什么善恶阵营对立，宣战宣言什么的就真的很中二很俗了啊我艹。 4. 秦风这个角色的言行让我越来越觉得有一种巨大的分裂感。 5. 加分点:金田一梗(以我爷爷之名)以及那段什么是完美犯罪的论述。追加第6点，主角团配置看起来有点像侦探学院Q了。,3,2021-02-12 11:23:12,13
唐人街探案3,baobaodu,东京一日游，癫狂喜剧，推理已经不是重点了。,3,2021-02-12 15:27:07,9
唐人街探案3,aRE,这个IP算是玩砸了,3,2021-02-12 14:02:21,8
唐人街探案3,咬😺达人,一鼓作气，再而衰，三而竭，最好的还是第一部张子枫那个笑以及反转,3,2021-02-22 05:09:25,12
唐人街探案3,帕布莉卡,有很喜欢的彩蛋，比如我爱的莉香。但是烟花部分和什么和平精英五少之类的真心多余拉胯。罪案部分虽然有点俗套很好猜但是完成度不错。这部里面的杂质太多了，回来路上越品越不是滋味。,3,2021-02-12 11:29:50,11
唐人街探案3,慢慢,裹了冰糖的葫芦,3,2021-02-12 15:28:06,4
唐人街探案3,Columbo,诡计很老套，剧情也不新鲜，但是作为一部看热闹的贺岁电影还不错。其实《唐探》系列从一开始就是这个风格。,3,2021-02-19 17:27:23,1
唐人街探案3,TDK,陈思诚其实没多大野心，他只是尽量多的把更多的元素全囊括进一大锅菜里，让每个人都能在里面找到一点自己想吃的，整道菜的形式和味道就会极其割裂和背离。但无论如何，这部迟来一年的电影总算也是宣告了一个回归正常的春节。,3,2021-02-12 16:50:39,8
唐人街探案3,悟饭婆婆,先简单写几点：1、案件部分对于老推理迷来说过于俗套和简单，几乎一开始就能看出大概。 2、BGM选得很迷，最后heal the world的大型MV看得我极为难受。 3、Q的主线彻底出来了，但是最后的什么善恶阵营对立，宣战宣言什么的就真的很中二很俗。4、秦风这个角色的言行让我越来越觉得有一种巨大的分裂感。 5、加分点：金田一梗(以我爷爷之名)以及那段“什么是完美犯罪”的论述。,3,2021-02-12 11:32:16,4
唐人街探案3,温岭阿浪,观影前有个点一直让我疑惑：按说现在观众B格都高得不行，每部国产喜剧的评论区都跟鸭叫似得“尬尬尬尬尬”；此外如周星驰这类电影也都被吐槽低俗、恶趣味。《唐探》系列又尬又俗为什么反而会有这么高的人气？看完后，我的疑惑大致解开了。许多商业片都会带有一定的艺术逼格，但《唐探》不求这些，它的定位就是纯粹的商业喜剧。导演知道这点，不指望口碑只求票房；观众也明白这点，看《唐探》就像吃烧烤，知道烂但就是喜欢。第二部那些恶俗笑点让我感到愤怒，但在第三部就改善了许多，搞笑的同时也避免了那些不该有的恶俗。相较于春节其他电影，《唐探》论质量不佳，却最符合春节大片的定位。热闹、幽默、打斗、情怀一应俱全，大气、国际化，有很高的品牌效应。不过这类电影一旦人气高了，指标也会提升。只要没进步或进步不明显，评价都会滑坡。,3,2021-02-15 11:46:15,16
唐人街探案3,安是一阵风,后面庭审强行洗白煽情？还有能不能少点黄色废料以及莫名其妙的广告？,3,2021-02-14 22:29:57,31
唐人街探案3,朱泡泡,1.有些笑点设置需要斟酌，尤其是放在过年档里。2.案件复杂与否倒不是我衡量的标准，能不能讲明白才是，我觉得一般。3.算是第一次看长泽雅美，终于理解为啥是那么多人的老婆了，确实很厉害。4.背景配乐简直像是批发市场来的，杂乱无章，尤其是结尾部分。5.这种票价这种质量，下一部去不去电影院值得思忖。,3,2021-02-14 23:14:42,15
唐人街探案3,青藤走狗,不得不说陈思诚对兄弟是真挺够意思的，第一部自己老婆都贡献出来给宝强搭戏，这部又找了长泽雅美，甚至还有湿身戏。我想象他俩出来聊选角的时候，陈带了一小叠日出国女明星的小卡片，桌子上排两排让宝强选，其中有新垣结衣，有石原里美，三吉彩花等等等等，最后宝强从里面选了麻酱…我也想做他兄弟,3,2021-02-12 18:30:29,11
唐人街探案3,kulilin,梦游东京,3,2021-02-13 12:57:27,4
唐人街探案3,揍敌客在逃三少,挺热闹的，但也很吵。搞笑的部分挺不错，停尸间把我笑哭了，后半段推理非常扯，日本jc都瞎了吗这么大一个物证，复仇的故事太太太俗套了，bgm一直煽情我越看越想睡,3,2021-02-12 17:13:17,8
唐人街探案3,山猫一串,跟推理没关系的恶俗喜剧。唐探和万达真的是什么大运气 最烂的剧本赚最多的钱 漏洞多得跟筛子一样的剧情 这一部就是唐探宇宙的工具箱不过看到铃木保奈美和刘德华还是很想鸡叫 一星给剧情一星给日本演员一星给工具箱设定,3,2021-02-13 17:38:24,6
唐人街探案3,空気,尴尬死了，陈思诚真不会选bgm，法庭想学日本那一套社会学派，bgm明显不对气氛烘托不起来，正片演技担当全靠日本那边的演技，结尾主题大升华又是满头黑线，世界和平跟这个案子有什么关系吗，层出不穷的广告和客串尴尬死了,3,2021-02-12 13:22:40,11
唐人街探案3,小崔,麻酱！你一星！电影两颗,3,2021-02-12 21:45:42,1
唐人街探案3,白亘巨云,真太糊弄事了,3,2021-02-12 12:38:13,8
唐人街探案3,翟天临,我觉得还行吧，不算非常出彩但是能看的下去，比第二部好看，有笑点，不足点在案子和推理略弱和老套，不到二十分钟就猜到凶手了。最后法庭部分剧情狗血好在长泽雅美演技是真的不错,3,2021-02-13 21:48:51,4
唐人街探案3,9carat,假本格。第四部就是对抗Q，第五部就是和Q合作对抗更大boss,3,2021-02-12 19:27:59,10
唐人街探案3,柔情胡汉三,一大堆烂梗、让人不适的殴打情节和广告植入，客串多到头晕，煽情煽得脑壳痛。一星给on my way，一星给电车难题和我以为秦风动手推人了。,3,2021-02-13 18:53:17,20
唐人街探案3,东北洪常秀,春节档独有的大锅炖电影，伸筷子在里面什么都能捞到一些。喜、悲、正义、邪恶…然而食材太多，什么味道都不尽兴。,3,2021-02-12 11:40:05,6
唐人街探案3,张猫大,想要得太多，掌控得太少。搞笑的部分不至于低级，但也就过得去而已；悬疑的部分说实话故事不差，但推理过程被稀释得支零破碎，陈思诚舍不得的元素太多了，东扯西拉的，像在打卡似的，经过一个又一个的任务打卡点，好些个还都是打完就跑。是真不懂舍得吗？还是拒绝不了资本的介入？特别是唐探网剧最后4集的那几个人，虽然出来也就走个流程，但实在太拖后腿了。陈思诚对此也绝对是有意识的，所以硬是坚持到春节档才上映，首先影片的氛围就是专门为春节定制的，最重要的是这时候观众对这种热闹的电影的容忍度是最高的，就是看个合家欢呗。再进一步，他也知道这样下去不是办法，所以找来了下一部的票房保障：刘德华。但再怎么搞，唐探宇宙再怎么扩，喜剧和推理还是电影系列的王牌，这两尊佛怎么可以自己主动晾在一边了呢？陈思诚，拜托专注一点吧！,3,2021-02-12 12:28:33,14
唐人街探案3,会滑行的饺子,全剧136分钟：110分钟的跑路+15分钟的父女故事10分钟的推理+1分钟的广告。,2,2021-02-12 10:57:59,28882
唐人街探案3,Meow_see good,低俗谄媚粗制滥造，连起码的诚意都没有，推理全靠奇情轶闻，笑点东拼西凑，初一起了个大早去看电影，刷抖音睡懒觉不香吗。为了长泽雅美，努力多挤了1星，滚蛋吧，还唐探宇宙，不要太膨胀，呕。,2,2021-02-12 10:40:33,20959
唐人街探案3,懒羊羊(已睡觉),无底线的烂梗真的很无聊,2,2021-02-12 10:10:22,16661
唐人街探案3,CestJuliejolie,多次拿女性胸部玩梗就是很不适,1,2021-02-12 12:18:02,13694
唐人街探案3,拥桑,"陈思诚的才华于此而尽了吧，在霓虹推理大国果然见光死。如果说在泰国是惊艳，美国是普通及格，这部就是不及格。所有的反转都在预期内，丝毫没有恐怖感，惊慌感，低于预期。知道在霓虹国玩不了把戏，干脆不玩把戏了。直接整日本的忍术，相扑。再来个Q是信神论。搞笑有余，推理不足。前半部分的推理氛围铺垫太好，后面一锅大乱炖。Q压根不是谁，而是谁都可以。中田可以玩36D，可以要挑战关卡的环节，到了监狱自诉就犹如传销。法庭翻案变成儿戏，什么我反对…那是日本法律被黑的最惨的一次。不是剧本烂，而是我们期待感太高。或许不是陈思诚才华好，而是他的才华正在被他的名声消耗的越来越差。《唐人街探案3》在讲一个自导自演的故事，所有的谋杀，信念随着日本忍术一消而尽。",2,2021-02-12 10:50:00,5058
唐人街探案3,午夜私人大话家,通篇尴尬的植入广告让这部电影里少数的闪光点都变成了照亮茅坑里最恶心那坨屎的一束灯。比第二部更尴尬，莫名其妙的升华更是让人看到了陈导的幼稚。而从这部电影里看的出日本演员的演技整体都是高于片中其他国家的演员，演员们还需要努力呀。但颜值真的是定死了，哪怕同样满脸褶，妻夫木聪也照样比宝强帅几个维度，麻酱真美，MJ真好听,2,2021-02-12 10:47:42,9405
唐人街探案3,思維怪獸,懂了，Q是圣殿骑士团日本分部,1,2021-02-12 10:10:07,8689
唐人街探案3,S.T,我为什么打两星呢？多的一星是这片成功把我骗进了电影院。1.太闹，尤其是前半段，甚至于删去都影响不大，有些偏题。2.除法庭戏外，托尼贾的角色几乎毫无用处。3.Q与密室案关系不大，结合的很生硬。4.Q的真相意料之中，无惊喜。5.林默、思诺、五大灵童几乎是为了出现而出现，杂。6.法庭戏的自述还可以，这段的结尾有股柯南的味道。7.结尾不好，我不明白用《Heal the World》的意义在哪。8.唐探4在英国，不过我不想看了。这次观影实属偶然，只是因为失眠，早上去打发时间。,2,2021-02-12 10:50:26,9393
唐人街探案3,Mr. 小新,煽情的那部分是认真的？？？好手好脚的妈，为了给女儿一碗面去跟流氓睡，为了给女儿一块蛋糕去偷去抢，被抓了之后病死在监狱？从此女儿决心对抛妻弃女的父亲复仇？？？这是什么狗血剧情。什么年代了，还这么三观不正。,1,2021-02-12 20:18:19,7931
唐人街探案3,三皮虎,当女性在遮蔽的裹尸袋里被一群男性毒打的片段出来引得全场哄堂大笑的时候 我只能感到悲伤 看吧 这就是你们身处其中的男权社会 不知道陈思诚这是刻意安排吗 为什么同样身为男性的王宝强也在裹尸袋里却不安排他成为暴力的受害者？这可是面对可能亿万观众的屏幕在传递的男性暴力…我真的觉得这位油腻导演有必要出来解释一下,1,2021-02-12 17:38:00,7362
唐人街探案3,张天杭,我吐了，贺岁片就是俗加屎尿屁么？唐探标榜的本格呢？烂，看了就上当。,1,2021-02-12 10:11:02,8177
唐人街探案3,素素素素素丶,零分。三部曲下来，陈思诚恶俗和自恋的风光真是越放越大了，整部片无任何审美可言，有的只是一片遍地豪金和各种无语的插入广告画面，好羡慕唐仁身边有个桶啊。,1,2021-02-12 10:53:59,7501
唐人街探案3,丨,第一部和第三部就是酱肘子和臭狗屎的区别,1,2021-02-12 11:06:51,1262
唐人街探案3,思无邪,陈思诚 你有病 连带着阿拉小七装疯卖傻挤眉弄眼 多少沾点油锅里涮了八趟都刷不下来的油光 唯一一颗星给挤出皱纹了也很帅的@妻夫木聪😭,1,2021-02-12 11:32:35,1128
唐人街探案3,西楼尘,善与恶总是相互缠绕，不是正反对立。人性是街口沾了荧光粉的纸币，是草莓蛋糕和荞麦面的仇恨，是逃不脱的第十四间密室，是胸前的方巾，是留给私生女财富后的自杀。愚众不书写历史，精英创造了善恶。若看到法律的不公就妄想代替法律，看到人性的弱点就想要革除人性。做神明还是首富，便都是完美的犯罪。,2,2021-02-12 17:30:49,19
唐人街探案3,咕噜咕噜噜g,期待越大失望越大唐探三剧本推理弱 植入广告多 笑料低俗 演技不行圈钱电影 甚至不如网剧,1,2021-02-12 10:51:51,1068
唐人街探案3,藏着不等于遗忘,空洞 浮夸 低俗 傲慢 这部片将审丑文化最大化 剧情如同拼凑起来 再加上里面对女性的剥削已经引起生理性不适 日本演员你们接这个片是为了什么,1,2021-02-12 19:49:08,1060
唐人街探案3,朝暮雪,陈思诚把一个故事拆成两部电影，《唐探2》一开始就提出Q，电影结束了也不揭晓Q是谁，从而吸引你去看《唐探3》。你等了三年，结果也太让人失望了吧。Q的身份有一万种可能，陈思诚偏偏选择了最low、最低级的一种。而且这都第三部了，还有很多悬念没有解答，比如第一部中丹是怎么失踪的，以及秦父是怎么入狱的？第二部指使宋义的是谁？网剧中杀害林默父母的人是谁？第三部反派是怎么知道秦风和秦父的事的？陈思诚还真把电影当成电视剧来拍了，只管挖坑，不管填坑。都第三部了，这些悬念还不解答，你想等到第几部再解答？《唐探2》就是《唐探3》的加长预告片，本以为《唐探3》是正餐了，结果还是加长预告片。我看《唐探3》是为了之前的作品的问题能够得到解答，结果看完之后非但之前的问题没有得到解答，反而问题更多了。,2,2021-02-13 13:02:45,796
唐人街探案3,默默点评,建议各位多去看看隔壁韩国拍的好的电影和电视剧，回过头来真的对这种电影提不起任何兴趣,1,2021-02-12 10:18:40,1032
唐人街探案3,Aphrothe,好久没打过一星了～炒冷饭，情节硬凑，音乐乱，逻辑死，票还贵,1,2021-02-12 11:02:21,951
唐人街探案3,百合纯爱战士Ro,做梦也没想到，这是大年初一最烂的一部。补充一句，就这种破电影还延迟一年，疯批，延迟也就算了，殴打女护士陈思诚觉得很好笑吗？最无语的是最后煽情部分，鲨了我吧，我人都没了，太难看了！！！！,1,2021-02-12 23:50:15,1066
唐人街探案3,momo,真的看不下去，全程太尴尬了，陈思诚是拼凑大师吧，各种关联不大的BGM硬拼在一起。,2,2021-02-12 10:50:16,933
唐人街探案3,自由而无用的SB,结尾尴尬到批爆，67一张的电影票，毁了我一天的好心情,1,2021-02-12 11:12:43,904
唐人街探案3,真是最重要,大男子主义真恶心陈导适可而止吧，你不配电影（没有说所有男人不好的意思）,1,2021-02-12 11:53:06,859
唐人街探案3,你大爷的丈母娘,被九个大汉打的女护士是死是活？,2,2021-02-13 18:53:36,2099
唐人街探案3,wsj,真的垃圾，唐人街探案真的一部比一部辣鸡，圈钱电影，吐了。可惜了电影票和我的时间。希望大家谨慎购票，害，大年初一，真是浪费了,1,2021-02-12 13:52:26,798
唐人街探案3,farmerspinach,尴尬脚趾抠地…两星都给染谷将太摘下帽子的瞬间,2,2021-02-12 10:45:18,786
唐人街探案3,哪吒男,“来都来了”“大过年的”在我脑中循环462847467462648592次。,2,2021-02-12 12:39:19,2439
唐人街探案3,沉默的螺旋,这部电影要是过60亿，在坐的各位都有责任……这也配影史第一？,1,2021-02-13 21:43:25,821
唐人街探案3,momo,唐探3最后的煽情尬得我头皮发麻 全身发麻 受不了了 好久没有这么尬过了 全身的每一个细胞都尬得尖叫 我受不了了我恨不得夺门而出我真的受不了了春晚小品结尾都不带这样的还能更扯淡一点吗 怎么回事我受不了了我现在坐在电影院打这行字坐如针毡我恨不得当场失去五感,1,2021-02-12 11:36:47,817
唐人街探案3,思路乐,【D】在电影院头一次如此想拿刀砍人，陈思诚，你做到了。第三部究竟烂到什么地步了呢？连王宝强的表演风格都被衬托得不再那么恶心了。更烂的是什么？是那份无止境插入广告的心；是那份毫无遮掩的低俗喧闹；是编剧们胡搞瞎搞还故作深沉的态度。以及，我这辈子花的最不值的IMAX票钱。干你马陈思诚，IMAX摄影机是让你这么用的？一开场那个长镜头就几乎让我崩溃，我是没见过有人敢把播放速率调的这么离谱。至于结尾，敢情宁拿IMAX就是为了拍烟花？还整了个世界大同的配乐？也别说什么MV了，至少MV的歌曲与画面好歹是搭调的。真想把陈思诚驱逐出中国电影圈哇,1,2021-02-12 11:52:12,3722
唐人街探案3,油漆未干,终于知道唐探为啥推一年也非得在春节档上了，换别的档期一定卖不成这样也得不到任何以“大过年的”为名义的宽容。糟蹋演员到这个地步，叹为观止,1,2021-02-14 02:24:16,792
唐人街探案3,欢乐分裂,一锅乱炖，强行塞入各种元素与广告植入，满目写着金钱味+油腻感，可以与这个系列再见了，如果说第一部还颇有想法的话，随着票房的飘红，“创作”野心也膨胀得远超自身能力，结尾强凹世界升平实在可笑然而却自我感动得以为是升华吗？还是准备开拍超英系列了？以为刻意cue前两季就是什么宇宙了吗？打着推理旗帜的公费旅游片，目标是将拿来主义+自我（恋）“致敬”混合的“第十四种密室”推广到全世界；太多鸡飞狗跳更显冗长，笑点俗腻。两星给日本演员。,2,2021-02-12 17:23:29,604
唐人街探案3,看到我请让我好,坐的我屁股都疼了,2,2021-02-12 10:37:38,720
唐人街探案3,柳树不如杨树高,啊，多等了一年就这 ？,1,2021-02-12 10:53:50,663
唐人街探案3,C.,三部里最烂的一部,1,2021-02-12 10:18:27,666
唐人街探案3,王大根,整个一傻有钱片，最能代表本片气质的大概就是中国人在东京街头撒钱的一幕了。妻夫木聪死于陈思诚审美。,2,2021-02-12 15:24:44,1791
唐人街探案3,小姑凉, 浮夸、生硬、刻意、油腻、做作 、猥琐、下流、烂俗、低劣一星是给长泽雅美的。,1,2021-02-12 18:06:47,654
唐人街探案3,不爱吹头发的猪,针对女性的梗全部接受无能。暴打无辜路人女护士？？有事吗……直到看完我都在想那个女护士有没有人去救.....小林作案动机和童年经历也是醉了，大姐有手有脚为了一碗面委身流浪汉？？只为了一块草莓蛋糕无脑冲动去偷被判坐牢？？大哥拿玻璃片放人手里不擦指纹警察查不出？？小林有空在那喝红酒没空去处理唐仁随便就找到的犯罪证据？？泰国大哥那条线能再敷衍一点？？算了算了，就当欣赏了两个小时我昊然弟弟俊美无双的脸吧！！！,2,2021-02-13 22:56:13,678
唐人街探案3,我叫秦祥林,浪费了这么优秀的日本演员，遇到这样的导演对他们来说简直是灾难,1,2021-02-12 20:53:01,646
唐人街探案3,德派先生,5分太闹腾了，喜剧和悬疑割裂感太强，单把法庭上帝故事拎出来拍效果都比这个强太多。胃口那么大，除了热闹，啥也没有。中国人拍的戏，日本演员炸裂的演技，和欧美的曲子，违和感在这一刻迎来了高光。这搞得本就别扭的叙事更加没有让人共情的能力。但看到最后，已经可以预见下一部唐探的大卖，不得不感慨陈思诚的商业头脑。,2,2021-02-12 10:47:36,568
唐人街探案3,watermelonbean,无聊、恶趣味，猥琐男、油腻男集齐，笑点低俗，一星给MJ那首歌，还好不是我给钱，但是浪费了我两个半小时,1,2021-02-12 20:52:36,621
唐人街探案3,桑托斯,这样的电影真是精神污染,1,2021-02-14 00:35:02,555
唐人街探案3,同志亦凡人中文站,破案无逻辑，喜剧缺根筋，感觉这个IP可以结扎了。陈思诚用猥琐劫持了电影，好多地方看得我拳头握紧，也就是仗着大过年的观众不想较真。在这里一定要表扬我家聪聪，真没想过这世界上还有人能驾驭陈思诚的暴发户审美，把花里胡哨的县城风穿得风流倜傥不油腻，两颗星都给你~~~~~~,2,2021-02-13 18:51:16,811
唐人街探案3,闲日游荡,乱七八糟，还插播广告，毫无底线。也受不了刘昊然的台词、一直重低音语速快,1,2021-02-12 14:02:53,565
唐人街探案3,莱莱同学,是不是期望越大失望就越大，还是觉得第一部最好看，一部不如一部，吐了,1,2021-02-12 10:47:02,536
唐人街探案3,OHLOLA,大声问陈导，拍露阴癖，性骚扰，“娘娘腔”的目的是什么,1,2021-02-13 16:18:09,1946
唐人街探案3,Lucas2333,砍掉电影一半不必要的剧情跟一半的配乐可以多打两分,2,2021-02-12 10:42:58,505
唐人街探案3,时天,和平精英五人组什么鬼东西,2,2021-02-13 14:43:15,540
唐人街探案3,从此爱上电影,一部不如一部。唐探一真的就是出道即巅峰了。案子不灵，笑点又low又尬，BGM又多又和情节毫无关联。哦对，还有各种杂糅的元素满满的堆积感，全是形式毫无内容。真凶一脸凶手相。华仔这么串戏一定能冲击春节档票房冠军哈哈哈。还有不要再浪费子枫妹妹的演技了。,2,2021-02-12 10:32:16,464
唐人街探案3,空白岸,好家伙，偷完蛋糕直接在人家店门口吃起来了，伤害性不高，侮辱性极强。,1,2021-02-12 17:44:45,1518
唐人街探案3,日光少女大佩妮,辣鸡大烂片。。我特么大年初一浪费2小时看了个寂寞。,1,2021-02-12 22:18:15,484
唐人街探案3,后自愈,《唐人街探案》系列拍得最好的是邱泽主演的同名网剧的前八集，导演不是陈思诚。王宝强的角色令人生理不适，同样不适的还有“36D”这种恶俗却自以为是的笑话。中国男性创作者们，你们别太阳刚了！,2,2021-02-13 12:41:25,417
唐人街探案3,钮钴禄哥斯拉,感觉王宝强比电影院里滋哇乱叫的小孩还招人烦,2,2021-02-13 00:02:38,425
唐人街探案3,得未曾有。,一个女的除了偷除了抢就没办法生存了？？小女孩看见她妈被强，还能在那里吃蛋糕？！看到这里我真的yue了。什么玩意儿。一星给刘昊然。😡,1,2021-02-14 16:23:35,481
唐人街探案3,第九代玻璃柜,懒得骂了，连带着对几个主演印象也变差，陈思诚你真不是个东西,1,2021-02-12 15:32:56,399
唐人街探案3,康堤,一部电影到底是怎么装进去这么多乱七八糟又毫无灵魂的东西的……,2,2021-02-12 16:11:03,377
唐人街探案3,iain bot,两颗星给真正在表演的几位日本演员，以后拍续集还是把中国演员去掉吧，除了屎尿屁开黄腔就是面瘫，一群人还不如客串的张子枫。,2,2021-02-13 11:56:08,397
唐人街探案3,Lovegood,肆意植入 强行煽情 零散故事 ,1,2021-02-12 10:11:45,4089
唐人街探案3,陵师,"只是椅子看不下去起疙瘩了动不动我都屁股都刺儿慌 真不是我尴尬坐不住",1,2021-02-12 11:47:42,389
唐人街探案3,一棵甜菜,张子枫 全片最佳 但是作为一部名字叫“探案”的电影 让观众一开始就猜到凶手是谁是不是不太够意思😅,2,2021-02-12 11:42:49,394
唐人街探案3,蒲公英_,好几次都尴尬到脚趾头扣穿地心了，等了一年真的不值……,2,2021-02-12 10:53:06,3890
唐人街探案3,肖凯悦Sophia,唐探3对女性也太不友好了。为一碗面跟流浪汉啪啪啪？偷水上摩托，还夹带一个比基尼美女？破案线索来个36D？老实说，我从来没get过唐探系列，陈思诚这人无论是言语表达上还是作品里都是极度自恋，以及恶俗仇女。然而他已经成为了中国第一位百亿票房导演，这世界我是愈发看不懂了。,1,2021-02-16 05:00:28,759
唐人街探案3,在黄昏的芦苇坡,毫无质感与审美可言；情节生拼硬凑，过渡僵硬，缝合怪式的文本内容，配乐与影像不契合，又臭又多的硬广，推理丝毫不剩，喜剧部分也不堪入目，只剩下莫名其妙的打闹；第一部已经把陈思诚脑子里那点东西拍完了；跪着挣钱的典型，看不见任何诚意，中国的体制内电影工业需要更多对电影怀着热爱与热情的电影工作者。,1,2021-02-12 11:09:47,368
唐人街探案3,尘飞扬,嗯，一部长达136分钟的抖音小视频。,1,2021-02-13 13:44:08,401
唐人街探案3,Tom Light,"东鹏特饮，招商银行，和平精英……广告植入，七拼八凑，结尾好狗血的剧情。铃木保奈美，三浦友和，浅野忠信，长泽雅美，妻夫木聪，染谷将太，日本Q分舵卡司太棒了。",2,2021-02-12 10:55:28,2910
唐人街探案3,我叫凌可可,剧情乱七八糟，黄色废料满天飞！以后这种烂片别出国取景了！丢人！ps：谁给你刷负分了，难看是真的难看，就算是黑你也是自来黑。,1,2021-02-15 16:51:19,410
唐人街探案3,钱微火,陈导不尊重女性的恶趣味处处可见，令人作呕。后悔给这种电影贡献票房。,2,2021-02-12 23:48:27,1508
唐人街探案3,magoo,强行搞笑，烂梗堆砌，恶心-_-||,1,2021-02-12 13:43:08,353
唐人街探案3,雨人,我不喜欢，但是票房会大卖，陈思成是个成功的商人,2,2021-02-12 10:23:40,387
唐人街探案3,米仙子,难看，明年别出来骗钱了，求您了,1,2021-02-12 15:48:15,341
唐人街探案3,陀螺凡达可,其实就娱乐观赏性来说不算最差（个人觉得比人潮和侍神令好点点），但是满眼的植入广告、低俗笑料和对女性角色的不尊重（让一个路人女性被一群男人暴打非蠢即坏）太败好感，刘昊然的台词功底真的很有问题，全片最佳瞬间是托尼贾对王宝强说“Shut up!!!”，差点起立鼓掌。这不是电影，是春节档定制大银幕节目。,2,2021-02-15 01:44:42,210
唐人街探案3,秋天的黛西,本人舍身试片，向豆瓣的482位关注者发送一星信号，不要给陈思诚送一分钱。,1,2021-02-16 01:59:39,364
唐人街探案3,这是昵称,尬出天际，竟然还打算出第四季，果然中国人智商税交得少,1,2021-02-13 16:18:26,376
唐人街探案3,南风吹,这么低俗的电影竟然还有人说好看，王宝强那个角色像个傻逼一样，从头到尾吵吵吵，看得烦死了，全程都在说女性36D小白腿，咋这么恶心，一帮男的殴打女护士还要特写？吐了，而且还把警察写成弱智，破案都是主角他们破，警察一无是处，最后法庭上真的笑了，法庭都能随便进随便闯入，法官最后听哭了也是牛逼，这电影是我看过最恶心的电影，也是有史以来最难看的电影，这部电影能封神那国产电影以后真的不行了,1,2021-02-18 05:54:39,538
唐人街探案3,神奇的mm,还是没躲开续集烂尾的命，喜剧不像喜剧，悬疑又没有那个味道！！,1,2021-02-12 13:33:16,338
唐人街探案3,夏日过敏症患者,借用鲁迅的一句话：我只觉得他们吵闹,2,2021-02-15 15:34:25,290
唐人街探案3,我酷的很厉害,莫名其妙，现在春节档这么好糊弄嘛？这就是两年多剪辑出来的电影吗？现在烂片市场行情这么好吗？？真不明白自己为啥花70多看这么一部尴尬的电影。,1,2021-02-12 10:50:37,3937
唐人街探案3,逃跑艺术家,まさみちゃん、真的是钱难挣屎难吃，但是老婆酱起码挣到了钱，而我一个普普通通想要在大年初一看到老婆酱的无辜小孩，又是犯了什么错要看两个小时性骚扰厌女屎尿屁电影收获坐骨神经痛。,2,2021-02-12 11:22:30,340
唐人街探案3,返始咏叹调,这种片子能爆票房 那确实是对认真拍电影的人的一种羞辱 ,1,2021-02-12 18:48:19,323
唐人街探案3,汽水。橙,乱七八糟，什么都有一点，就是没有电影。,1,2021-02-12 11:47:27,308
唐人街探案3,Tefnut-L,"等了一年就看到这个? 元素太过混搭, 主线反而不那么有意思.",1,2021-02-12 11:46:29,307
唐人街探案3,"I,suizi.",用一部烂片涮了12亿，陈思成完成了一场完美的犯罪。,1,2021-02-13 02:02:17,339
唐人街探案3,满洲里有象,油腻导演自我陶醉之作,2,2021-02-14 09:53:05,320
唐人街探案3,平淡奥赛罗,我无法形容了，太难看了，我好久没打一星了,1,2021-02-13 17:33:32,326
唐人街探案3,品十七,强行贺岁、强行推理、强行大场面、强行催泪、强行升华、强行宇宙，只有一星对得起它,1,2021-02-13 23:46:22,345
唐人街探案3,Patrick-_-Z,不谈故事本身，导演对待邻国（日本、泰国、东南亚）文化的态度是极其不尊重的，“东京热”、“街头露阴癖”、“失了智的cosplay爱好者”、“女装假扮佛教徒”，甚至以一段狗屁不通的“所谓祷告”给基督信仰冠以“神秘主义”的色彩，十足地“大国文化自信”。价值观里更充斥着拜金（涉谷街头大撒币），轻视女性（无论是女性为金钱委身于黑帮头目，还是女性被抛弃后靠卖春养活子女，导演根本不屑于给出合情理的动机，纯粹塑造成纸片人、工具人）。更不用提脑子里对女性审美只有“36D”的男性主角，女性在此片的地位不过是吸引男性的皮囊和器官，如今还在以此试图博乐观众，是认为国人男性大脑都是“精液浸泡”，可以随意玩弄的躯壳，也实在是对国男的不屑和侮辱。,1,2021-02-16 14:43:21,300
唐人街探案3,胖哥俩在逃鸡爪,比第一部差的太远 东鹏特饮和平精英 合着我看得是个综艺？ 单身母亲带女儿就必须出卖自己身体 都是有手有脚四肢健全搁您脑袋子里净是些腌臜破事儿呗？,1,2021-02-15 12:30:12,316
唐人街探案3,大朵。,给一颗星给昊然弟弟 他值得满分但电影不值得,1,2021-02-12 10:09:19,2370
唐人街探案3,victor,负分电影。整部电影充斥着物化女性、低俗玩笑、广告植入、佛棍基督棍思想、刻意煽情、卖弄哲学，毫无剧情可言，喜剧片侦探片它通通不配，电影它都不配，就是哗众取宠，滑天下之大稽！如今此等电影竟能过审，还能在春节档上映，收获如此的票房，为中国电影行业感到悲哀，为被鸩毒颇深的人民悲哀，这就是娱乐至死！,1,2021-02-13 02:31:29,307
唐人街探案3,ECF❤,编剧脑子被人QJ了吗？一个女人离了老公为了点吃的就得卖身给丑男？拉面店刷一天碗换不到一碗面？,2,2021-02-17 14:14:49,299
唐人街探案3,Lies and lies,唐探宇宙！！！！！！！！！！！！！！的坍缩,1,2021-02-12 15:34:26,200
唐人街探案3,林娜琏,看完全片，深深体会到了“乱七八糟”这四个字的真实含义。不差钱的建议去看，反正比春晚好点。,1,2021-02-12 11:01:54,2728
唐人街探案3,Eliza慢慢吃,唐探就是五星的资源+四星的演员+三星的剧本主线+二星的推理+一星的导演个人恶臭审美+操之过急的宇宙观（毫无加分甚至扣分） ,2,2021-02-13 19:48:29,711
唐人街探案3,蓝石头,很难想象，把三浦友和浅野忠信妻夫木聪染谷将太长泽雅美铃木保奈美合到一起的第一个人居然是陈思诚。也很难想象，有他们在一起的电影也能是垃圾。陈思诚果然是不出意料的恶俗油腻无聊傻逼。但是！还是要说的是！铃木保奈美和长泽雅美还是美的！！铃木保奈美笑的时候我觉得时间在她身上一点都没有走过，还是那个赤名莉香。这颗星全部给日本演员，他们可能是本片唯一能看的部分。,1,2021-02-12 12:38:08,264
唐人街探案3,Davidc,寻思陪媳妇看个贺岁的。结果不搞笑，剧情也垃圾。带了孩子看，也不太适合。坠楼的镜头放了两次。太平间的搞笑也不怎么样。哎，不能为了看电影而看电影，被恶心到了。,1,2021-02-12 11:44:32,284
唐人街探案3,Jayeor,元素太多驾驭不过来的失败商业之作 。,1,2021-02-12 13:03:05,276
唐人街探案3,Sherry,人家说屎难吃我不信 非要去尝尝 果然很难吃,1,2021-02-19 22:36:46,244
唐人街探案3,momo,"完全用力过猛 几乎成了一出闹剧 且不说船上非常恶心的互吐桥段 对于司法审判如此戏说是否合适非常值得商榷 ",2,2021-02-12 10:15:53,2318
唐人街探案3,旗虻,名字改成三傻大闹东京都我多给一星。,2,2021-02-15 17:06:15,254
唐人街探案3,如是我文,大过年的出这么高票价，还上这种烂片，晦气。,1,2021-02-12 13:15:14,229
唐人街探案3,咿gougou,陈思诚滚噢，这玩意50亿中国电影就完了,1,2021-02-14 12:38:42,284
唐人街探案3,sakanagill,巨猥琐的一部电影 对所有女性角色都是窥淫拍法……足以见得陈思诚其人素养之低下……看完最同情佟丽娅,1,2021-02-14 23:25:58,235
唐人街探案3,小药君,要不是电影院没开空调一直冻我 我能直接睡过去,2,2021-02-12 10:42:07,237
唐人街探案3,胖子,我承认陈思诚确实聪明，商业片的元素他都考虑到了，但你要是觉得他有才华那你肯定是瞎了。,2,2021-02-12 12:07:01,251
唐人街探案3,木石子,全方位地倒退，从第二部开始弱化推理，这部连让人笑的欲望都没有了，最后只好打起了感情牌，当《we are the world》的曲子响起，你会以为昨天的春晚还没结束。,2,2021-02-12 10:45:32,1832
唐人街探案3,已注销,把辱女当有趣，太恶心了,1,2021-02-14 14:43:48,229
唐人街探案3,一个ID,一年不如一年,1,2021-02-12 13:02:38,204
唐人街探案3,吃鱼的喵,不性骚扰女性就他吗不会拍电影了吗？？？,2,2021-02-12 23:24:35,1153
唐人街探案3,梦魇马戏团,刘昊然在电影一开始就提到了「奥卡姆剃刀原则」：若无必要，毋增实体。整部电影，都在违背这个原则。以及陈思诚你有没有想过，如果你想了一个密室案子，它不属于密室讲义的13种，它有没有可能就……就不是密室？,1,2021-02-13 20:14:13,210
唐人街探案3,CDiii,陈思诚有事吗？对女性的物化实在令人想吐，从长泽雅美出场被调侃胸部，到水里令人不适的镜头扫视，还有王宝强那个角色说要麻酱改国籍才会考虑她（？？），导演对日本的全部理解都来源于自己对着日本小电影发情的青春回忆吧。刘昊然在该片的演技甚至还比不上参加明星大侦探。真是受够了……呕！,1,2021-02-15 19:20:37,437
唐人街探案3,小橙,我觉得唐人街系列可以到此为止了。,2,2021-02-12 20:08:14,244
唐人街探案3,momo,刘昊然帅的程度和电影的难看程度成正比,1,2021-02-12 11:32:42,216
唐人街探案3,暴力沟通,没有人性，也没有审判，有的只是哗众取宠，有的只是赤裸裸的圈钱野心。内容全是套路，肤浅得让我觉得Q组织是一群中二少年。其实我就想知道，那个护士小姐姐是不是还活着～,2,2021-02-13 18:52:45,213
唐人街探案3,momo,我天啊太难看了煽情半小时干嘛啊…………,2,2021-02-12 11:04:20,225
唐人街探案3,敛寒,太尴尬了整个剧本中二又俗套。朋友跟我说剧本是日本作家写的我就懂了，我感觉我看了两小时真人版名侦探柯南+中二日本动画片。Q这个反派组织就，探讨善恶，觉得人类历史由少数人引领（这他爹日本动画片反派十分之八都是这么想的），还有最后一段圆桌会议，我和我朋友？？？太尴尬了。还有突然撒钱讲人性考验也很中二老套庭审女儿讲自己的故事那里巨名侦探柯南，每次柯南里揭露真凶时真凶也是边哭边讲故事。而且为什么电影里总是要放歌拍mv为什么啊orz,2,2021-02-12 12:17:54,222
唐人街探案3,腿部多肉算胖不,太太太太太烂了，强行把网剧演员塞进去，台词尴尬至极，互动可有可无，简直就是春节档最烂没有之一，不是黑粉，绝不尬黑，花里胡哨，不知所云不知所谓！真不知道以何碾压人潮汹涌？！,1,2021-02-13 14:03:42,239
唐人街探案3,發夢高手,电影之烂，烂过臭鸡蛋,1,2021-02-14 23:45:02,233
唐人街探案3,沐浴阳光,不尊重女性,1,2021-02-13 10:27:05,198
唐人街探案3,爱吃和府捞面,陈导可以去导春晚了，做电影不合适,2,2021-02-12 11:47:30,171
唐人街探案3,拾光先生,这么无聊尴尬的电影也能这么高票房 ，只能说中国的观众 审美太低价了 ！,2,2021-02-12 13:07:39,171
唐人街探案3,汤三少2012,我就知道他营销到第一天十亿票房就是烂,1,2021-02-12 10:44:32,181
唐人街探案3,纯情少年李八唧,花70块钱看这么个玩意……混乱 无序 以及 如果是东出昌大和小日向文世参演的话 就可以无缝衔接《行骗天下》了 达子最后出大招骗了三浦友和3亿日元 再以及 我们真的拍不出漫画感啊！,1,2021-02-12 12:15:57,203
唐人街探案3,心蓝➸,1算是正儿八经破案加笑料，特别是开放式结尾炸裂，2就记住了肖央，其他尬的不行。。3尼玛能叫电影？就低俗恶心，观众尬的笑不出声，演员自己像过年。。哎。,1,2021-02-12 13:23:05,172
唐人街探案3,老w,装疯卖傻，尬笑，一部比一部烂，长泽雅美拍过那么多好片，搞不懂为啥来拍这，和我预想的差不多，烂,1,2021-02-12 10:42:24,204
唐人街探案3,许季山,剧情是稀烂的，节奏是不可能有的，演技是想都不要想的，至于低级的笑料和恶俗的审美本就在意料之中了。不建议任何人观看。,1,2021-02-12 16:33:16,186
唐人街探案3,小明同学,真的烂,1,2021-02-12 12:38:06,173
唐人街探案3,水鱼宝宝,警察连瓶子的指纹都不查，尸检也查不到后脑勺的伤。扣车警察也不查车上的物品。开头就能猜到凶手是谁。明明警察就能办的简单案子，非搞的全员智障。。。。。,2,2021-02-15 15:34:53,170
唐人街探案3,唐揽月,为了给孩子抢块草莓蛋糕而让自己坐牢，那请问坐牢后孩子咋办？基层故事这么撑不住，怎么搞推理,2,2021-02-18 10:14:42,187
唐人街探案3,KiKo,“陈思诚最让我佩服的地方就是他能边恶心人边赚钱，还连续赚了三次。”（引用）,1,2021-02-14 09:35:58,562
唐人街探案3,蒲苇散人,诸如此类的电影能大行其道，背后折射的是大部分观众审美的低下，当以后的银幕上全是这种风格的片子，我宁愿再也不踏入电影院,1,2021-02-15 06:23:00,188
唐人街探案3,豆友147015020,记住了两首bgm，别的就算了。现在剧本写成这样都能拍片了？,2,2021-02-12 10:32:09,2225
唐人街探案3,㈠棵,真的短评不够骂 我都想写千字长评骂 剧情有多脑瘫我就不说了 就单说陈思诚从视觉语言里溢出来的对于女性的油腻和轻佻 真的根本不能再更可恶 2021年了 还能用这么低级的趣味讨好男性观众 影院里每一次因此爆发的笑声都让我感到一阵恶寒 每一个青少年被这样的影视作品引导三观都让我感到绝望 每一种艺术都需要天赋我觉得他没有 他甚至不沾边 上一部抄双瞳我没敢骂 这一部之后他再拍一部电影都该死,1,2021-02-14 04:29:41,214
唐人街探案3,不文艺的青年,太烂了，不会有下次了，坑钱玩意！,1,2021-02-12 18:42:50,182
唐人街探案3,👑,就这居然还有下一部？恰烂钱也不是这么恰的吧,1,2021-02-13 14:54:06,193
唐人街探案3,小童靴,拍出这种片子，陈思成是当观众是傻子，还是自己是傻子？全程没有逻辑性，强插入广告，尬的要命。为了走剧情而走剧情。,1,2021-02-13 20:08:34,194
唐人街探案3,Luke,有钱真好，有钱导演就可以乱加自己喜欢的元素，然后不考虑剧情乱拍。从站在涉谷的十字路口撒钱的那一场戏就可以看出本片本质：推理不用严谨，唬住观众就可以。//最后靠长泽雅美的一场哭戏强行推情绪也是很无语，着实让人尴尬。,1,2021-02-12 11:37:20,1914
唐人街探案3,剑者心之刃也,对不住票钱。真真的一部不如一部。真是一坨屎也敢上春节档圈钱。,1,2021-02-12 11:44:07,157
唐人街探案3,狂奔的干锅兔,难看到我不相信这是唐探！！！,1,2021-02-12 11:38:48,172
唐人街探案3,ReyreyQi,真的很烂，并不是网上说的有人故意刷低分。,2,2021-02-17 13:12:59,176
唐人街探案3,我们都是工具人,逻辑混乱，搞笑桥段少，广告插入严重，和前两部相比差了太多了陈思诚也已经江郎才尽了。,1,2021-02-12 15:12:09,168
唐人街探案3,Paroxetine,陈思诚！还我票钱！,1,2021-02-18 14:21:15,210
唐人街探案3,栗,暴发户暴殄天物电影，浅野忠信不酷了，染谷将太也不佛了，妻夫木聪的扮相一如陈思诚元素堆砌、花哨自恋的审美，买来大堆明星，集体丢锅里油炸。“发财了发财了我都不知道怎么去花！我左手一个诺基亚我右手一个摩托罗拉！”,1,2021-02-14 10:23:48,105
唐人街探案3,毛豌豆,处处充斥着直男油腻笑点不说，密室自杀？？这内核和《少年包青天》第一部狸猫换太子章节太像了吧，还没人家背后的故事感人，宫女秀珠为报恩，自杀嫁祸八贤王，八贤王也是晕过去了哈。最后我记得富大龙演的六子一步一步跪向自己在冷宫里疯了的母后，我哭的死去活来，但是小林酱痛诉母亲偷草莓蛋糕被关进监狱？？妈的，要我是她妈，既然注定要进监狱，还不如给女儿偷点有用的，比如小霸王学习机,1,2021-02-14 00:38:51,197
唐人街探案3,蓝、柒,随便搞个案子就结束了？Q居然变成一个组织了？还想拍续集圈钱？,1,2021-02-12 17:38:08,178
唐人街探案3,Black Angel,除了昊然弟弟以外都不太喜欢，希望刘德华不要来拍后面的唐探呀，别毁男神……陈思成的三观真的是神秘，女护士挨打那里真看不下去，有必要吗，强行搞笑又不好笑。案子的关键竟然是一个男的为了给女儿治病不得已抛妻弃女之后就真的完全不管妻女了，还要装色狼来确认女儿身份，太胡扯了。至于野心勃勃要构建的唐探宇宙，感觉也就是一个不断狗尾续貂的噱头,2,2021-02-12 23:15:21,171
唐人街探案3,Lottie,真的烂，陈思诚能把这么一群好演员聚在一起就拍出了这么个烂片，还捂了这么久才上院线，可真有水平。,2,2021-02-13 22:08:49,112
唐人街探案3,leisailing,如果说这是部喜剧，那么还算合格，停尸间那段可以称得上爆笑了，赢了所有春晚语言类小品；如果这是部推理剧，只能负分滚粗，弱智密室所有观众都已经破解了，还不得不看主角在那做作的装逼；铺垫了几年的Q是谁，揭晓时脑海里只剩下，就这？,2,2021-02-12 14:51:26,168
唐人街探案3,Freud,钱真好赚啊,2,2021-02-13 16:08:08,161
唐人街探案3,柯里昂,弄一堆多余无关的戏份，笑点却如此低级，推理又如此无聊，最后潦草收尾不说还要强行大爱，把一手栽培的“唐探”招牌砸掉的同时估计创作者此刻还在洋洋自得。,2,2021-02-12 22:01:19,109
唐人街探案3,Jpotato0o,浪费了这么好的故事背景 拍了个不清不楚的密室 最后强行秀了个脸 真当自己建国大业,2,2021-02-12 16:22:47,163
唐人街探案3,飞越疯人院,不伦不类，到底是不是悬疑推理类电影？强行用一个悲情故事把简单的案件复杂化，低俗的喜剧元素更是占据了一般的篇幅还让人觉得很尬，结尾更是强行升华，再是Q也找不到什么合理解释了只能强行安插...,2,2021-02-12 12:43:00,150
唐人街探案3,星之瞳比,莫名其妙这四个字用来形容这部电影真的最好不过了,2,2021-02-12 13:33:00,145
唐人街探案3,Ladykiller,这部披着喜剧片外衣的侦探片，实则不伦不类。生硬做作的笑点令人如坐针毡。另外这部号称全程iMax摄影的电影，除了超大的画幅，其他什么都感受不到！,1,2021-02-12 10:28:41,2570
唐人街探案3,务实,垃圾中的垃圾，侮辱人的智商，浪费人的时间，破坏人的心情，辜负了人的期待，欺骗了人的感情，破坏了电影的观感,1,2021-02-16 00:18:59,181
唐人街探案3,🫥,厌女情节真的令人非常不适,1,2021-02-12 13:03:15,1308
唐人街探案3,脑袋比手大,气死，今年看过最烂的片子，审美的倒退，手法的返祖，这种烂片因为贺岁性质，大大挤压了其他片子的排期，获得了高利润和票房，而我却为之贡献了一部分，可耻可气,1,2021-02-17 00:55:31,183
唐人街探案3,小糖豆子,刚刚看完，油腻，恶俗烂梗，跑酷电影？不值票价，明天安排李焕英,2,2021-02-13 12:38:11,162
唐人街探案3,princessagatha,一出闹剧，强行打广告太tm恶心～～那群日本演员确实挺有信念感，这么乱七八糟的剧情也能演出点水花来；而男主就彻底是个工具人，毫无人物特性就算了，连演技也比之前差；唐仁一如既往的吵闹和猥琐，观感极其不适，68块相当不值得～～～p.s.作为女性观众，对于妈妈为了孩子出卖身体的桥段相当反感和恶心，在男的看来女性就只有这一个办法养活孩子了是么？经小组讨论提醒，这片子里还有我看过最生硬离谱的广告植入，陈思诚真的，别再出来恶心人了,2,2021-02-13 20:48:48,175
唐人街探案3,妖魔鬼怪快离开,大清早和老公一起去看的，春节的票价可真贵，两张花了200多！总结没第一部好看！看完很失望！,1,2021-02-12 11:41:26,136
唐人街探案3,乔小囧,这不是本格推理，这是《极限挑战》。,2,2021-02-13 21:28:34,135
唐人街探案3,翻滚吧！蛋堡,妻夫木聪都被带得这么油真不能忍,2,2021-02-12 14:09:01,101
唐人街探案3,ylujiuy,我这辈子就没见过这么弱智的密室,1,2021-02-13 18:47:32,161
唐人街探案3,scofieldd,全片充斥着陈思诚自以为是的小聪明和优越感，他自以为比世界上99%的人都要聪明，其实他根本什么都不懂,2,2021-02-12 12:17:35,1103
唐人街探案3,一只棉垫蚧虫,1  关注点怎么突然就能跳跃到东北呢？2  主角团是如何发现父女二人之间关系的？3  日本警察不检查作为证物的车辆内部吗？4   作为死亡见证人的小林酱是怎么做到不被嫌疑的？,2,2021-02-14 16:23:09,149
唐人街探案3,孤狼,除了Q是谁毫无看点，最重要这部陈思诚真的拍的很厌女 反派 花瓶 花痴 无能力不能控场，除了第二部kiko在这里当了工具人，所有女性角色都很让我不适！,2,2021-02-12 12:02:47,170
唐人街探案3,fifihoho,莫名其妙，推理几乎为零，建议不要再拍了,1,2021-02-14 09:47:31,174
唐人街探案3,顗礼,片中所有的女性角色都始终处在被营救、被工具化+边缘化和被羞辱殴打的一面，低俗黄段子甚至多次成为了案件主线的一环，这种级别的厌女是没有任何洗地空间的。剩下的，一切皆割裂，中方演员与日方演员割裂、推理（带脑子看的观众在前十分钟就能猜到真凶）与喜剧（恶俗断子+疯狂的植入广告）割裂，整个后半段从调度到剪辑到人物登场乱成一锅粥（完全不节制的歌曲运用更是让人作呕），最后用MJ的歌强行升华主题也不知道是在干嘛，总之，这的确是一个可以被开发的很有趣的项目，但陈思诚的导演能力（和品行）显然不足以驾驭它。至于Q，完全就是主创在耍流氓,1,2021-02-12 16:16:11,109
唐人街探案3,一只羊日天,刘昊然和妻夫木聪全都坐在我腿上看也不能阻挡我打低分………,2,2021-02-17 16:08:15,138
唐人街探案3,王俊俊,把基本案情密室介绍完之后，直接快进到结局，丝毫不影响这个故事。也就是说只有40分钟左右的时间是关于案子，还有80分钟都在搞春晚。一屋子所谓世界名探，专门坐船去泰国再回来，只是为了让思诺推一把，顿悟刑侦界基础知识西格案实验，其实就是为了装个逼。其实第一部电影就有这样装逼的剧情，但是第一部案子还不错，那时候我就开始忧虑后面会变成案子质量下降，只剩装逼，那时候还有粉丝和我吵，现在果不其然。电影唯一亮眼的细节是长泽雅美胳膊上的卡介疤是中国不规则的，而不是日本规则9针的，这个细节不是很多有人知道，用心了。,2,2021-02-12 19:49:04,116
唐人街探案3,哲学洋甘菊,谜一般的大杂烩。滥用老歌真的挺烦的。,2,2021-02-12 18:48:08,136
唐人街探案3,大菠萝,刘德华的恭喜你发财2分长泽雅美等日本演员2分,2,2021-02-12 11:37:44,150
唐人街探案3,Joker,希望不要去有人再去看这种烂片了 陈思成恶心至极 自以为耍耍小聪明还能圈到钱  居然还要出四 这已经不是一个观众会被你欺骗的时代了 其他不说了 就希望他赶紧滚 电影票房拉垮 最差劲的就是大家一边骂一边看,1,2021-02-13 10:53:05,160
唐人街探案3,🍑,唐探真的难看，强行穿插广告，广告真的硬到我差点中途离场。,1,2021-02-12 20:52:44,151
唐人街探案3,Bun,低劣的搞笑手法（用侮辱路人的手法让观众哄堂大笑，简直荒唐）；无厘头的推理（侦探超能力，简直科幻）；创作团队的集体失声（殴打女护士的情节，参与的每一位演员、编剧、导演、摄像，简直“功不可没”）；向今年贺岁档其他影片致歉（大众文化就是用脚投票，让这样的影片获得票房冠军，简直作孽）。,1,2021-02-14 23:29:09,149
唐人街探案3,文化民工张某,2.5开场给我尬死 演员很多硬搞笑  真的让人精神崩溃  很多东西强词夺理  最优秀的是张子枫的那一下 ,2,2021-02-12 11:38:01,159
唐人街探案3,烏龍3.3茶仔,我的侄女看完电影后问，王宝强是怎么猜出36D的最后一个字母的？在场的大人不知如何作答。不合理的广告植入、推理一般、狗血亲情戏码也就算了，受不了的是直男癌的恶趣味，根本不适合小朋友观看。可能是之前的期望很大，所以非常失望。,2,2021-02-18 00:13:22,132
唐人街探案3,我的初恋,陈思诚，你觉得你很幽默？,1,2021-02-12 11:03:30,1082
唐人街探案3,希望是罗波,看这种片子真的是浪费时间,1,2021-02-12 14:23:07,130
唐人街探案3,momo,搞笑是下流的，推理是没有的，麦麸是别扭的，煽情是强行的，而且不是3d片，实在没必要去电影院找罪受，建议有情怀的唐粉们下映了躺家里看看得了。花上70+，现在就是非常后悔😓,2,2021-02-15 15:53:53,139
唐人街探案3,kakala,为什么要这样塑造女性角色啊，明明可以把苗子复仇的原因和方式写得更有张力，却拘泥于抛妻弃子拘泥于靠肉体上位。苗子她妈也是，怎么可能有女人愿意为了一碗荞麦面委身于流浪汉啊……广告植入看得人也很出戏,2,2021-02-14 05:51:25,320
唐人街探案3,touchdown233,内核太单薄 人物跟木偶一样没灵魂 就一套路商业片 也不好笑。还我电影票钱啊呸！我们国产悬疑怎么沦落至此还这么高票房啊嘞？,1,2021-02-12 23:49:57,147
唐人街探案3,空投武器,有些笑点大可不必。,1,2021-02-12 18:41:37,146
唐人街探案3,星童,尴尬的我用脚指头扣出了一套三室一厅,1,2021-02-12 14:42:41,132
唐人街探案3,No one see me,像是一部由片段和广告拼凑而成的电影，剧情设计浅薄俗套，请把我的票钱退给我！,2,2021-02-12 11:36:52,135
唐人街探案3,连翘,披着推理外衣的爆米花电影，推理侮辱观众智商，爆米花部分大乱炖，主要演员演技都没有问题，责任就在导演编剧，贪心不足蛇吞象，下一部不会买账了。,2,2021-02-12 11:37:57,150
唐人街探案3,6,能打半星吗,1,2021-02-12 16:28:03,135
唐人街探案3,momo,难看！加恶俗 剧情稀烂 莫名其妙的地方很多 ，最后强行煽情，电影票还要70，顶多电视点播水准,1,2021-02-12 18:38:22,117
唐人街探案3,返厂小吴綦摩托,超乎预期的恶俗 ,1,2021-02-17 22:55:17,153
唐人街探案3,momo,烂片一部,1,2021-02-12 11:44:05,123
唐人街探案3,南宫云,年年退步。人物的动机太弱了，简直就是为给侦探破案而行动。刻意又勉强，真的不太行。,2,2021-02-12 11:47:08,129
唐人街探案3,夜游,有些侮辱他国人以及侮辱女性的桥段真的挺让人受不了的，还有互相呕吐的戏让人生理不适。最后的推理大bug，如果带了佩刀请问用什么补刀？结尾还要强行升华..影片处处透露着导演low到极限的审美和自以为是，真的普通自信的极致表现了。两位日本演员长泽雅美和染谷将太用演技撑起了整个片子，每人一颗星。,2,2021-02-15 18:54:33,139
唐人街探案3,jd2007,越来越差,1,2021-02-12 13:02:46,119
唐人街探案3,Hemerocallin,恶俗，已自动拉黑此导演今后的所有影片,1,2021-02-13 14:43:07,753
唐人街探案3,广开妍路,单纯的难看，没有喜剧，没有推理，什么都没有，只有尴尬，就像春晚小品一样,1,2021-02-12 10:59:54,1747
唐人街探案3,yuki,妈妈对唐探三的评价：煎熬。这片看得我如坐针毡，剧情东扯西拉，仿佛一场东京景点串烧MV，才过半个小时我就开始刷微信了，然而竟然还有一个半小时…唐探二基本抄袭《双瞳》，所以没有抄袭素材陈思诚连个顺畅故事都编不出来吗？虽然剧情很烂，染谷将太还是出色极了，以及，风骚的妻夫木聪帅哭我。长泽雅美三浦友和铃木保奈美浅野忠信，这卡司真是浪费得令人发指。,2,2021-02-13 14:27:57,145
唐人街探案3,煎饼果子不要葱,陈思诚这个狗东西拍这种垃圾竟然也好意思吹百亿导演吹票房 严重怀疑是不是洗钱 案子弱智无比 都不配放在明侦里 强行神秘 强行cueQ 搞笑也恶心 低俗下流让人不适 麻烦自行领取今年金扫帚 王宝强再继续这样演唐仁 不让编剧丰富人物 许三多滤镜真的要没了,1,2021-02-15 13:33:39,149
唐人街探案3,狗哇,综艺大杂烩,1,2021-02-12 13:23:02,110
唐人街探案3,黛玉钓鱼,低俗笑点尬的我乱翻白眼，五大灵童出现我才知道什么叫五雷轰顶。还有建议这部电影移除推理这个标签，这电影哪里有推理？整个就一出吵的人头疼的闹剧。,2,2021-02-16 14:52:12,109
唐人街探案3,happy,等了两年，真的很失望。悬疑推理几乎没有存在感，烂梗倒是一堆。刘昊然的帅脸也拯救不了…,2,2021-02-12 20:02:03,128
